編號,廠商,參考資料網址,新聞內容,時間
1,傲旎全球股份有限公司(優佳視麗膠囊食品 GOGl)、普登生技有限公司(幼添明兒童咀嚼錠)、易陞植物生技有限公司(舒利視®膠囊、舒利視®Plus 膠囊)、台灣威瑪舒培有限公司(舒利視®口嚼錠)、崴達國際股份有限公司(薇達葉黃素(金盞花萃取)(純素)),https://www.fda.gov.tw/TC/newsContent.aspx?cid=4&id=19970,                            由於現在人們使用電腦及手機頻繁，對於視力保健尤為重視，含葉黃素之保健產品廣受大眾喜愛。惟，坊間含葉黃素產品琳瑯滿目，含量符合性究竟如何？為保障消費者之健康及權益，食品藥物管理署(下稱食藥署)研發膠囊錠狀食品中葉黃素之檢驗方法，該方法經方法確效試驗及葉黃素標準參考物質測試通過，具有良好專一性及準確性。       食藥署以該方法進行13件市售膠囊錠狀食品之葉黃素含量調查，發現有6件產品之葉黃素含量低於標示值之80%，其中有3件之葉黃素含量低於標示值之20%，更有1件僅為標示值之0.3%，疑涉違反食品安全衛生管理法第28條「食品不得有不實、誇張或易生誤解情形」之規定，依同法第45條第1項，可處4萬至400萬元罰鍰，違規產品則可依同法第52條第1項第3款，命限期回收改正，改正前不得繼續販賣，屆期未遵行者，沒入銷毀。針對標示不符之產品，食藥署已函請轄區衛生局依法進行後續處辦。        食藥署秉持科學論證基礎，持續以科技實力，研發各式檢驗技術，戮力為國人飲食安全及品質把關，並呼籲食品業者製售之膠囊錠狀食品，其營養素含量應符合外包裝標示，以維護商譽及確保消費者權益。,2016/6/13
2,"DANICA COSMETICS(DANICA 丹妮卡粉刺調理精華液、DANICA 丹妮卡粉刺調理再生霜)、Made in U.S.A.(ALL POWERFUL CREAM 6(棕)、ALL POWERFUL CREAM 6(黑)、深層全效霜 6)、未標示(KUPA 4.62、蜡．彩染(5/20 絢丽紫))、Made in Spain(LOREAL OXYDANT 6%)、Dr. Kurt Wolff Gmbh & Co. KG(德國潤黑咖啡因洗髮露、德國雙效咖啡因洗髮露)、製造：Korea Eyelash Co., Ltd(Biomooi 植睫專用黑膠(藍蓋))、原產地：韓國、經銷：欣維有限公司(速乾型植睫黑膠(綠蓋))、製造：力美生化科技股份有限公司(P.W.B 玩美主義彩色護髮染髮霜 006 秋楓紅)",https://www.fda.gov.tw/tc/newsContent.aspx?cid=4&id=19851,母親節將至，美粧產品是贈送母親的熱門禮品，食品藥物管理署(下稱食藥署)為保障消費者使用化粧品之衛生安全，持續加強上市化粧品之抽查檢驗，105年1-3月間受理各地方衛生局、檢警調及關務署等單位送驗之化粧品共計165件，檢驗結果13件不合格(表一)，不合格率為7.9%；其中5件面霜乳液類產品檢出藥品成分，3件染髮、2件清潔類產品檢出含藥化粧品基準之成分，惟未依規定辦理查驗登記(其中1件清潔類產品為非許可證持有廠商輸入之產品)，2件睫毛膠檢出禁用成分甲醛，1件染髮產品檢出成分與原核准不符(圖一)。另，依製造國別分析，該13件不合格產品中，1件為國產品、10件為輸入品、2件未標示國別(圖二)，不符合規定者均已請原送驗單位或所轄衛生局依法處辦。    本次檢驗結果13件不合格原因及處分如下：(一)5件面霜乳液類產品檢出藥品成分，涉違反藥事法第22條第1項第2款，爰依同條例第82條處十年以下有期徒刑，得併科新臺幣一億元以下罰金。(二)3件染髮、2件清潔類產品未依規定申請許可證，涉違反化粧品衛生管理條例第7條，以同條例第27條，處一年以下有期徒刑、拘役或科或併科新臺幣15萬元以下罰金；其妨害衛生之物品沒收銷燬之。(三)2件睫毛膠檢出禁用成分甲醛，涉違反化粧品衛生管理條例第23條第1項，以同條例第27條，處一年以下有期徒刑、拘役或科或併科新臺幣15萬元以下罰金；其妨害衛生之物品沒收銷燬之。(四)1件染髮產品與原查驗登記不符，疑涉違反化粧品衛生管理條例第21條，以同條例第28條，處新臺幣10萬元以下罰鍰；其妨害衛生之物品沒入銷燬之。      食藥署提醒民眾，購買化粧品時，應慎選來源清楚、標示完整的產品；如發現產品標示不全、甚至使用後產生不良反應，均可至衛生福利部「藥物食品化粧品上市後品質管理系統」通報，網址：http://qms.fda.gov.tw/tcbw/，或撥打通報專線：02-66251166-6401。歡迎民眾藉由通報機制，與政府攜手打造健康安全之化粧品使用環境。 ,2016/5/4
3,未標示(西藥),https://www.fda.gov.tw/TC/siteList.aspx?sid=4486,    食品藥物管理署(下稱食藥署)統計104年度受理縣市衛生局、司法、檢、警、調機關及關務署等單位送驗疑涉非法摻加西藥成分的產品共計669件，檢出西藥成分者為157件(占23.5%) (如圖一)，其中檢出具壯陽功效成分者占檢出件數的32.1%，次之為具減肥功效者21.9% (如圖二)。經檢視非法產品中，以「三體牛鞭」(共計9件)、「生精片」(共計6件)、「牛寶膠囊」(共計5件)，有較高比例之重複送驗，但檢驗結果卻不一定相同，最多同時發現含有4種成分。依檢體之送驗單位分析，則以財政部關務署臺北關送驗者檢出率最高(75.4%)，共送驗65件，檢出摻加西藥者共49件；此外，網購或攤販所販售的59件產品中，檢出西藥成分者亦有27件(45.8%)，顯示這類不法產品之風險不可忽視，恐危害大眾健康。    檢出摻有西藥成分之產品涉違反藥事法，針對前述違法產品均已請原送驗單位依法處辦。若未經核准擅自製造或輸入者，依藥事法第82條，處十年以下有期徒刑，得併科新臺幣一億元以下罰金；若未經核准擅自販賣、供應或意圖販賣而陳列者，依藥事法第83條，處七年以下有期徒刑，得併科新臺幣五千萬元以下罰金。         隨著時代變遷，消費行為改變，藉由臉書、社群軟體、或利用私訊來進行網路購物的消費行為已逐漸盛行。網購產品雖讓民眾生活更加便利，但所購產品可能標示不實或來源不明，隱藏健康風險。而攤販所販售產品和網購一樣，均有非法摻加西藥成分的可能。食藥署提醒消費者，有病看醫師，用藥問藥師，並服用合法製藥廠所製造之產品，切勿購買及食用來路不明、標示不清或誇大療效之產品，若有使用之需求，除應先洽詢醫師或藥師意見，購買前也可先至食藥署網站不合格產品專區(http://www.fda.gov.tw/TC/siteList.aspx?sid=4486)瀏覽產品有無違規紀錄，以免破財又傷身。,2016/3/9
4,傳統市場及攤販,https://www.fda.gov.tw/TC/newsContent.aspx?id=19268&chk=3f67ec0e-d47d-4026-88e6-76a6b81a7f36,即食食品如因衛生管制措施不當，則可能導致食品中毒發生。食品藥物管理署(下稱食藥署) 104年度針對市售即食畜禽肉及蛋製品採樣179件進行衛生指標菌及病原菌檢驗，結果13件不合格(不合格率7.3%)。依「食品安全衛生管理法」，衛生指標菌超標者違反第17條之規定，依第48條經命其限期改正，屆期不改正者，處新臺幣3萬元以上300萬元以下罰鍰；病原菌不合格者違反第15條之規定，依第44條處新臺幣6萬元以上2億元以下罰鍰。食藥署針對市場流通率高的即食畜禽肉及蛋製品採樣檢驗，除調查其衛生指標菌，另針對其好發汙染病原菌：金黃色葡萄球菌、仙人掌桿菌、沙門氏桿菌、病原性大腸桿菌、單核球增多性李斯特菌等進行檢驗。抽樣之產品種類有滷煮燒烤類(76件)、火腿類(27件)、油炸類(26件)、肉乾類(22件)、其他肉製品(9件)及蛋製品(19件)總計179件；檢驗結果13件不符規定，包括衛生指標菌超標9件，檢出病原菌者1件，3件衛生指標菌超標且檢出病原菌。進一步分析則(1)不合格檢驗項目：以大腸桿菌群及大腸桿菌超標為主；(2)病原菌檢出：以病原性大腸桿菌檢出3件、仙人掌桿菌超標1件；(3)產品類別不合格率：滷煮燒烤類15.8%、蛋製品5.3%；(4)病原菌不合格率：滷煮燒烤類3.9%、蛋製品5.3%；(5)不合格產品之包裝型態均為散裝，且多販售於傳統市場及攤販。(6)火腿類、油炸類、肉乾類及其他肉製品則均符合衛生標準且未檢出病原菌。食藥署呼籲民眾在購買市售即食畜禽肉及蛋製品時，應挑選商譽良好、販售場所整潔衛生、人員衣著穿戴整潔、產品有適當防護的店家，另購買後應儘速食用完畢，否則應適當冷藏並於食用前充分復熱並注意是否有異味產生。這類產品微生物不符規定之原因可能為場所、設施及設備清潔不足、原材料受汙染或儲存不當、製備過程不當、人員衛生不良、盛裝容器不潔等所致。食藥署提醒業者應依法落實衛生自主管理，並可至食藥署網站下載「涼麵、熟食滷味、飲料及冰品之食品風險管控手冊」、「即食、熟食、飲料及冰品自主衛生管理之管控手冊」參考使用。,2015/11/19
5,傳統市場及攤販,https://www.fda.gov.tw/TC/newsContent.aspx?id=13985&chk=b2329de0-be9e-4ca0-8af4-c801ce41df35,台灣地處亞熱帶，冰品消費市場極大，其商品種類及販售形式日益多元，衛生狀態普遍為國人關注之焦點。食品藥物管理署(下稱食藥署)104年度針對市售冰品採樣78件進行衛生指標及病原菌檢驗，檢驗結果顯示約有4成 (43.6%)冰品不符衛生標準，其中以生菌數及大腸桿菌群超標為最大宗(均占24.4%)，金黃色葡萄球菌、病原性大腸桿菌及仙人掌桿菌等病原菌亦有零星檢出。該檢驗結果已陸續通知地方衛生局，俾利後續相關行政處理，包括加強業者GHP查核及輔導，或令業者限期改正及產品複查抽驗等。食藥署針對市場流通率高的冰品類別採樣檢驗，除調查其衛生指標，另針對冰品之好發汙染病原菌如病原性大腸桿菌、沙門氏桿菌、仙人掌桿菌、金黃色葡萄球菌、單核球增多性李斯特菌等進行檢驗。檢體包含刨冰(17件)、冰沙(17件)、冰淇淋(15件)、冰塊(18件)及其他冰品(11件)共78件，結果34件不符衛生標準，包括衛生指標超標21件，檢出病原菌者5件，8件衛生指標超標且檢出病原菌；依不合格檢驗項目分析，以生菌數及大腸桿菌群超標為主；在病原菌檢出方面，金黃色葡萄球菌、病原性大腸桿菌、仙人掌桿菌分別檢出6件、5件及4件，沙門氏桿菌及單核球增多性李斯特菌則均未檢出。依冰品種類分析，刨冰之不合格率最高(64.7%)、其次為冰沙(47.1%)、冰淇淋(40.0%)、冰塊(33.3%)及其他冰品(27.3%)，檢出病原菌之比例依序為刨冰(35.3%)、冰淇淋(20.0%)、冰塊(11.1%)、其他冰品(9.1%)及冰沙(5.9%)。食藥署本次市售冰品調查增加病原菌汙染之檢驗，作為消費者選購冰品時之參考，並呼籲消費者選擇信譽良好之店家，同時注意現場環境及設備衛生、員工衛生狀況及是否有交叉汙染潛在情形，於購入後儘快食用，以降低微生物孳生之風險。冰品微生物不符規定之原因可能為場所、設施及設備清潔不足、原材料受汙染或儲存不當、水質管理不良、製備過程不當、人員衛生不良、盛裝容器不潔等所致。食藥署呼籲業者應落實衛生自主管理，業者可至食藥署網站下載「涼麵、熟食滷味、飲料及冰品之食品風險管控手冊」參考使用。,2015/8/26
6,永豐化學工業股份有限公司(永豐生理食鹽水注射液(20mL)),https://www.tshp.org.tw/ehc-tshp/s/w/news/article?articleId=be8a73dd2ad3416c811c3c27ee295097,"食品藥物管理署(簡稱食藥署)於104年5月18日接獲醫院之不良品通報，說明”永豐”生理食鹽水注射液(20mL)(衛署藥製字第001085號)(批號273A79D)因病人有出現不明原因發燒，疑似有微生物汙染之情形，為確保民眾用藥安全，食藥署要求廠商啟動該批號藥品之回收，並責請廠商立即停止該生產線之生產作業，進行全面性調查。食藥署於104年5月18日及27-28日啟動GMP機動查廠及抽驗檢品攜回檢驗，發現涉案批號(批號273A79D)產品之無菌試驗結果判定不合格，且經菌種鑑定為Ralstonia pickettii，為確保消費者用藥安全，食藥署除責請廠商持續停止生產外，並進行該條生產線產品之全面回收，回收品項與批數包括【”永豐”生理食鹽水注射液(20mL)(衛署藥製字第001085號):有效期限106 年4月29 日以前的98批產品】、【鈣克康靜脈注射液(10mL)（衛署藥製字第058006號）:有效期限106 年2月25日以前的13批產品】、【""永豐""注射用蒸餾水(10mL/20mL)（衛署藥製字第058012號）:有效期限106年5月17日以前的96批產品】。無菌製劑產品係屬高風險性之產品，為使微生物等汙染之風險降到最低，無菌產品之製造應有更嚴格之要求，廠商應遵循相關法規執行生產與品質保證作業，謹慎建立經確效之製備方法及程序，以確保產品之無菌性及品質保證。本次事件經食藥署檢驗結果無菌試驗不合格，該產品對人體有危害之風險，且廠內未能提出有效之無菌保證，已違反藥事法第21條及第57條之規定；廠內應持續進行全面調查，且應提出無菌保證之相關證明及矯正預防措施等資料，經食藥署核定後始得復工。",2015/6/1
7,永豐化學工業股份有限公司(永豐生理食鹽水注射液(21mL)),,　　食品藥物管理署(簡稱食藥署)於104年5月18日接獲醫院之不良品通報，說明”永豐”生理食鹽水注射液(20mL)(衛署藥製字第001085號)(批號273A79D)因病人有出現不明原因發燒，故至病房抽驗該藥品17件，其中2件已培養出菌株，皆為同一批號，疑似有微生物汙染之情形，為確保民眾用藥安全，食藥署已啟動該批號藥品之回收作業，要求廠商立即通知醫療院所及藥局等24小時內下架，並於104年5月29日前回收完成。食藥署亦主動以電話通知相關醫療機構、藥商及藥局立即下架，且請地方衛生局及相關公協會轉知轄內相關機構或所屬會員。食藥署提醒相關醫療機構、藥局及藥商，應立即下架該批號藥品。 　　經查，該藥品為醫師處方藥品，核准適應症為「大手術或創傷時之急性出血、心臟衰弱、虛脫、解毒、腹膜炎、炎傷、傳染病、大腸炎、尿毒症、中毒及其他病症所引起之失水狀況」，目前尚未接獲其他疑似使用該藥品之不良反應通報案件。食藥署已啟動機動查廠及抽驗，以釐清該產品品質情形及影響範圍。 　　衛生福利部已建置藥物安全監測，即時監視國內、外藥物安全訊息，除設有藥物不良反應通報系統及藥物不良品通報中心之外，並對於藥物之安全性與療效亦隨時進行再評估，如醫療人員或病患疑似因使用（服用）藥品導致不良反應之發生，請立即通報衛生福利部所建置之全國藥物不良反應通報中心，藥物不良反應通報專線 02-2396-0100 ，網站：http://adr.fda.gov.tw 。如發現藥物不良品時，請立即通報衛生福利部所建置之全國藥物不良品通報中心，藥物不良品通報專線 02-6625-1166轉6401，網站：http://qms.fda.gov.tw。,2015/5/18
8,永豐化學工業股份有限公司(永豐生理食鹽水注射液(22mL)),,"                       食藥署函請桃園市政府衛生局至聯華食品工業股份有限公司進行市售含蘆薈成分之產品查驗，抽驗「KGCHECK纖油解膩錠 (有效日期：2016.06.07)」產品共48盒(15公克/盒)，經食藥署檢驗，蘆薈素含量為8,704 mg/kg，已涉違反食品安全衛生管理法 (以下簡稱食安法)第15條第1項第9款，食藥署已請所轄衛生局依同法第52條第1項第1款及第44條第1項第2款規定進行違規產品下架、回收及銷毀等作業與後續裁處事宜。   食藥署依據食安法第38條及國際規範ISO17025，陸續新增或修訂食品安全及衛生管理需要的檢驗方法。本次進行市售食品蘆薈素含量檢驗的「膠囊錠狀食品中蘆薈素之檢驗方法」係參考Anal. Methods (2012) 4: 3612-3619與J. AOAC Int. (2014) 97: 1323-1328等文獻資料，並依據食藥署「食品化學檢驗方法確效規範」進行方法評估及確效建立。檢驗過程則依循食藥署「 實驗室品質管理規範－化學領域測試結果之品質管制品保品管」進行空白、重複及基質添加之試驗，以確保檢驗分析結果。",2015/5/15
9,"應元化學製藥股份有限公司(""豐田""豐胃優錠)、健喬信元醫藥生技股份有限公司健喬廠(""優良""碳酸鈣錠 500 毫克)、臺灣派頓化學製藥股份有限公司(胃腸藥錠)、華興化學製藥廠股份有限公司(""華興""鈣寧錠 500 毫克（碳酸鈣）)、華盛頓製藥廠股份有限公司仁武廠(""華盛頓""益鈣錠 500 毫克（碳酸鈣）)、五洲製藥股份有限公司(鐵胃胃腸藥顆粒)、正和製藥股份有限公司新營廠(佛記保衛胃補錠)、晟德大藥廠股份有限公司新竹廠(胃逆舒口服懸浮液)、中國化學製藥股份有限公司新豐工廠(益胃片)、新萬仁化學製藥股份有限公司(金十字酵素胃腸藥顆粒)、光南製藥股份有限公司宜蘭廠(消化保胃散)、元宙化學製藥股份有限公司(""元宙""胃瑞美錠、""元宙""潰胃保錠)、台灣田邊製藥股份有限公司新竹廠(田邊胃保錠、胃腸藥錠)、健亞生物科技股份有限公司(""亞培""心美力盼納補膜衣錠)、臺灣陽生製藥工業股份有限公司(易而善胃腸藥錠、胃克能錠)、永吉製藥股份有限公司(""振貿""碳酸鈣錠 500 公絲)",https://www.fda.gov.tw/tc/newsContent.aspx?cid=4&id=13384,衛生福利部食品藥物管理署(簡稱食藥署) 針對國內西藥廠之碳酸鎂(鈣)原料使用狀況，公布第二波全面清查結果，自104年4月13日至4月17日止共查核48家，有19家業者共23項產品不符規定(清單如附表)，主要涉及使用食品級或食品添加物許可證之碳酸鎂(鈣)作為主成分，皆已要求廠商將相關產品於4月22日午夜前下架，30日內完成回收(其中3家藥廠已主動回收涉案產品)，庫存品封存停止出貨；在賦形劑部分，廠商皆依藥典規格逐批抽樣檢驗合格後使用。 經食藥署查獲不符規定者，已立即要求業者將產品下架回收，並視違反節節，以違反藥事法第21條處新台幣6萬至30萬元罰鍰，或依違反藥事法第57條(嚴重違反GMP規定:限期改善、涉案產品停止生產，並處新台幣3萬至15萬元罰鍰)處置。 依據國際上作法，GMP查核係以風險考量進行抽樣與確認，若發現有違規疑義，再以系統性方式繼續追查是否有其他類似情形，若確認有違規情事，皆依法查處。碳酸鎂(鈣)原料屬多用途的非典型化學原料，在製藥、食品或工業等都廣泛使用，製藥主要用於胃藥中，食藥署過去查廠時，都是優先鎖定有療效、風險高的藥品原料進行抽查，可能較少關注這些傳統、風險低的非典型原料藥，對於此種多用途的非典型化學原料，食藥署後續將列入稽查重點項目。     此外，食藥署對於藥廠GMP稽查作業及後續處理流程，已建立符合國際規範之標準作業程序，所有作業與相關查廠人員皆嚴格遵循該規定執行，推動實施PIC/S GMP期間曾多次重申實施時程與標準不變之立場與決心，針對查核缺失，亦嚴格要求須完成改善始可通過評鑑。為保障消費者用藥安全，食藥署將持續秉持公平、公正及標準一致的要求，貫徹實施PIC/S GMP的政策。,2015/4/18
10,"大豐製藥股份有限公司(""厚生""胃散)",https://www.fda.gov.tw/tc/newsContent.aspx?cid=4&id=13379,衛生福利部食品藥物管理署近期清查第二波國內西藥廠之碳酸鎂(鈣)原料使用狀況，仍有1家藥廠(大豐製藥股份有限公司)曾於102年以前使用允成之碳酸鈣原料製造藥品(清單如附表)，已要求廠商立即下架，並於30日內完成回收。     本案除立即要求業者將涉案產品下架回收外，將以違反藥事法第21條第2款(新台幣6萬至30萬元罰鍰)及藥事法第57條(嚴重違反GMP規定:限期改善、涉案產品停止生產，並處新台幣3萬至15萬元罰鍰)處分。,2015/4/16
11,"黃氏製藥股份有限公司(佳鈣錠 500 公絲（碳酸鈣）、""黃氏""胃立舒咀嚼錠、""黃氏""健胃散、佳胃捷錠、""黃氏""耐胃隆錠)、利達製藥股份有限公司(利可胃錠、清胃爽錠)、明通化學製藥股份有限公司第二廠(“金葫蘆”消化固胃散、肝胃能顆粒)、威力化學製藥股份有限公司(“全群”愛胃樂錠、胃腸藥錠)、新喜國際企業股份有限公司(廖家胃腸散)、恆安製藥工業股份有限公司(胃腸藥、胃速樂散、""久生"" 胃腸寶)、優生製藥廠股份有限公司(碳酸鈣錠 500 公絲)、尼斯可股份有限公司新莊廠(""尼斯可""胃散)、井田國際醫藥廠股份有限公司(胃鈣寧錠 500 毫克、井田""碳酸鈣錠 500 毫克)、躍欣生技醫藥股份有限公司(保鈣多立甜嚼錠)、瑞安大藥廠股份有限公司觀音廠(舒胃膠咀嚼錠)、葡萄王生技股份有限公司(愛胃康顆粒)、榮民製藥股份有限公司(大正胃腸藥顆粒)",https://www.fda.gov.tw/tc/newsContent.aspx?id=12356&chk=a0252701-45b4-4f4d-a268-33eaf20cd122&param=pn%3D1%26cid%3D4%26cchk%3Df11420b2-cf8e-4d3a-beb5-66521b800453,衛生福利部食品藥物管理署(簡稱食藥署)為釐清允成或誼興之碳酸鎂(鈣)原料使用情形，於104年4月8日啟動全面性專案清查，針對國內西藥廠之碳酸鎂(鈣)原料使用狀況，優先派員查核有使用碳酸鎂(鈣)等原料之藥廠；截至104年4月10日止已查核27家，未發現使用允成或誼興之碳酸鎂(鈣)原料的情形，但發現有13家業者共23項產品(詳附件)，其碳酸鎂或碳酸鈣主成分原料為食品級或僅有食品添加物許可證，已要求廠商將相關產品於4月15日午夜前下架，30日內完成回收，庫存品封存停止出貨；在賦形劑部分，廠商皆依藥典規格逐批抽樣檢驗合格後使用；食藥署後續將持續展開第二波清查。依藥事法規定，作為藥品主成分之原料，需領有原料藥許可證，或循自用原料模式申請輸入許可；至於作為藥品賦形劑之原料，則應符合藥典檢驗規格相關規定；若經食藥署查獲不符規定者，將要求產品下架回收，並以違反藥事法第21條處新台幣6萬至30萬元罰鍰；另，依GMP相關規定，所有進廠之原料需逐批抽樣檢驗合格，始得用於生產，若未符合規定，將以違反藥事法第57條處新台幣3萬至15萬元罰鍰。食藥署除了定期的例行性GMP查廠，並有不定期檢查機制，另外，在接獲檢舉時，都會主動派員赴廠稽查了解狀況，以確保藥品的製造品質與安全。,2015/4/11
12,允成化學工業股份有限公司(檢體之砷、氧化鈣、鐵及含量測定等項目不符合規定)、誼興貿易有限公司(檢體之酸不溶物、氧化鈣、鐵及含量測定等項目不符合規定),https://www.fda.gov.tw/TC/newsContent.aspx?id=12355&chk=8bdc499c-4cb5-419b-b13e-d56453e93d2c&param=pn%3D2%26cid%3D4%26cchk%3Df11420b2-cf8e-4d3a-beb5-66521b800453,                         食品藥物管理署於104年4月3日受理新北市政府衛生局至強生藥廠抽送來自允成化學工業股份有限公司之鹽基性碳酸鎂檢體及4月5日受理彰化縣衛生局至正長生藥廠抽送來自誼興貿易有限公司之碳酸鎂檢體各1件，依據「中華藥典第七版」之碳酸鎂規格進行包括：性狀、溶解度、鑑別、含量測定、雜質檢查及其他規定（可溶性鹽、酸不溶物、砷、氧化鈣、重金屬、鐵、微生物限量）等之檢驗。檢驗結果(如附表)，來自允成化學工業股份有限公司及誼興貿易有限公司之檢體均不符合「中華藥典第七版」對於碳酸鎂之規定。其中，允成化學工業股份有限公司檢體之砷、氧化鈣、鐵及含量測定等項目不符合規定，誼興貿易有限公司檢體之酸不溶物、氧化鈣、鐵及含量測定等項目不符合規定。                ,2015/4/11
13,正長生化學製藥股份有限公司(正長生健胃散、胃散),https://www.fda.gov.tw/Tc/newsContent.aspx?cid=4&id=12306,    食品藥物管理署(簡稱:食藥署)於104年3月31日晚間聯繫彰化縣衛生局，經該局口頭告知，所轄藥廠所生產之「正長生健胃散(衛署成製字第003257號)」(甲類成藥，藥品許可證申請商為正長生化學製藥股份有限公司)及「胃散 (衛署藥製字第024680號)」(指示藥，藥品許可證申請商為木村貿易有限公司)疑似使用工業級碳酸鎂，惟基於偵查不公開無法提供詳細資料。食藥署同日晚間與彰化縣衛生局溝通確立，本案係涉及藥事法第21條{劣藥}，且應屬二級回收，要求業者應立即下架，且限1個月內回收銷毀。食藥署並隨即透過緊急聯絡網通知各地方衛生局及相關公協會、相關醫療機構、藥商及藥局，立即配合下架回收所有批號產品。     食藥署今日派員至正長生化學製藥股份有限公司實際稽查，廠內表示一直使用誼興貿易有限公司提供的碳酸鎂原料，現行僅可提供97年之原料賬卡。本次稽查，廠內無法提供該原料之COA，統計尚在期限內之涉案產品批號及有效期限，分別為1.尚在廠內之庫存產品:廠內仍有庫存23罐(批號309003);2.已販賣之產品(共10批)，包裝型態分別有45克/罐、90克/罐及500克/罐，詳細批號及效期如附表。另，木村貿易有限公司該張許可證已移轉至明大藥廠生產，剛完成移轉領證，尚未開始生產。統計102年迄今尚在期限內之涉案產品批號及有效期限，分別為(1)批號:1030326(有效期限:107年3月25日)；(2)批號:1020904(有效期限:106年9月3日)；(3)批號:1020218(有效期限:106年9月3日)，其餘尚在效期內之產品，須待彰化縣衛生局約談木村負責人員，始能得知。     食藥署表示：經查正長生化學製藥股份有限公司共有98張西藥許可證，其中11張係接受委託製造，惟僅有「正長生健胃散(衛署成製字第003257號)」含碳酸鎂成分，為正長生化學製藥股份有限公司持有。木村貿易有限公司共有33張西藥許可證，惟僅有「胃散 (衛署藥製字第024680號)」含碳酸鎂成分。彰化縣衛生局已於今日(4月1日)發布新聞稿說明：正長生化學製藥股份有限公司(彰化縣和美鎮彰美路二段6號)為民國55年設立的GMP藥廠，主要產品為成藥，目前因PIC/S審查中尚未通過，故西藥製造停工中。木村藥化企業股份有限公司(彰化縣員林鎮中山路1段110號) 為民國68年設立的GMP藥廠，主要產品為成藥，103年12月9日已停業。且可依藥事法第21條以「劣藥」處新台幣6萬至30萬罰鍰，情節嚴重可處一年以下有期徒刑、拘役，得併科新台幣三萬元以下罰金。產品應依同法第80條立即下架回收，回收品及庫存品並依同法第79條規定沒入銷燬。彰化縣衛生局將配合地檢署進行後續查處。     食藥署已通知所有藥業公協會轉知所屬會員，即刻清查所生產之藥品原料來源，包含主成分及賦形劑，倘若有未符合規範之情形，應立即下架回收，並主動告知食藥署，倘查獲未符合規定者，將依藥事法從嚴查辦。現行PIC/S GMP規範下，所有進廠之原物料需逐批檢驗，符合藥典之規格，始得用於藥品製造。為確保藥物安全與醫療效能，衛生福利部已建置藥物安全監測，即時監視國內、外藥物安全訊息，除設有藥物不良反應通報系統及藥物不良品通報中心之外，並對於藥物之安全性與療效亦隨時進行再評估，如醫療人員或病患疑似因使用（服用）藥品導致不良反應之發生，請立即通報衛生福利部所建置之全國藥物不良反應通報中心，藥物不良反應通報專線 02-2396-0100 ，網站：http://adr.fda.gov.tw 。如發現藥物不良品時，請立即通報衛生福利部所建置之全國藥物不良品通報中心，藥物不良品通報專線 02-6625-1166轉6401，網站：http://recall.fda.gov.tw。    ,2015/4/1
14,雲林縣內外化學工業股份有限公司、台南市內外生技股份有限公司,https://www.fda.gov.tw/tc/newsContent.aspx?cid=4&id=12265,食品藥物管理署接獲檢舉，於104年3月25日會同雲林縣調查站、雲林縣衛生局及臺南市政府衛生局人員，赴雲林縣內外化學工業股份有限公司及台南市內外生技股份有限公司及該公司負責人私人住所等地搜索，查獲該公司製造之大量偽劣藥，涉嫌違反藥事法相關規定，現場查獲之藥品，已由雲林縣調查站協助查扣，全案依法移送偵辦。 內外化學工業股份有限公司原為GMP藥廠，因未能取得PIC/S GMP之製造許可，自104年1月1日起已非食藥署認定之合格藥廠。另，該廠於101年至102年間，因多次嚴重違反GMP規定，遭食藥署勒令自102年12月20日起停止全廠西藥藥品之生產作業，後經複查仍有諸多嚴重違反GMP之事實，且因違反情節重大，食藥署另命其全面回收市面上仍在效期內的所有藥品並予以銷毀，經該公司回報已完成銷毀作業，惟，本次查核仍於該公司負責人之私人處所發現大量藥品。 針對嚴重違反GMP之累犯廠商，食藥署一向採取嚴格監督與管理，依藥事法規定，勒令廠商於改善期間停止其一部或全部藥品之製造作業，並將品質有疑慮之市售產品全面回收。本次，食藥署攜手與調查單位合作，及時查獲違法藥品，避免有疑慮之藥品流入市面，共同為民眾用藥安全把關。在此一併呼籲業者應恪遵藥事法相關規定，落實GMP管理，提供消費者一個無憂無慮的安全用藥環境。 ,2015/3/25
15,未標示(綠膳纖膠囊),https://www.fda.gov.tw/tc/newsContent.aspx?cid=4&id=11880,針對103年12月9日媒體報導「蘆薈素 恐傷身，狂賣4億綠膳纖下架」、「綠膳纖致腹瀉引話題」等相關議題，食藥署說明，因曾接獲消費者反映，食用該產品之相關疑問而啟動調查。目前調查結果，業者尚須補充資料，進一步釐清使用原料之安全性，釐清前，食藥署已要求業者先行將產品預防性下架。食藥署表示，健康食品係採查驗登記管理制度，業者須檢具製程品管及科學驗證等資料，向衛生福利部提出申請。衛生福利部則成立「健康食品審議小組」，聘請食品科學、營養學、生化學、毒理學、藥學及醫學等領域之專家學者擔任審查委員，就產品整體配方全成分之安全性及功效性進行評估。「綠膳纖膠囊」產品依所檢附之「基因毒性試驗」及「28天餵食毒性試驗」等安全性評估報告經審查並未呈現安全疑慮，亦通過「功效評估」、「安定性評估」等之審查，於103年4月18日取得「衛部健食字第A00255號」許可證。有關「綠膳纖膠囊」蘆薈素含量之問題，食藥署依「可供食品使用原料彙整一覽表」，蘆薈原料經完全去皮後得供食品加工使用，含蘆薈產品販售時應加標「孕婦忌食」字樣之警語；若檢具產品經具公信機構檢驗不含｢蘆薈素（Aloin）｣之分析證明者，則始得免標｢孕婦忌食｣警語。該產品包裝標示已依規定加註「孕婦忌食」警語。本案因消費者反映食用該產品之相關疑問，食藥署依健康食品管理法第9條之規定，對於已核可健康食品重新評估，業者仍需補充原料及安全性等資料，倘經調查發現產品成分、配方、生產方式受到質疑，或之後的科學研究發現有安全風險、功效疑義等相關新事證，則得依同法條採取必要措施。「綠膳纖膠囊」產品原料疑義尚未釐清前，產品不得繼續販售。食藥署對於核可產品持續進行產品後市場之安全監測措施，並繼續加強督導地方衛生機關取締不法食品產品或廣告，已就電視、電台、網路進行違規廣告監控，查獲綠膳纖膠囊產品涉違規之廣告，均由各地方衛生局依法查處，目前已裁罰件數計36件，罰鍰金額共179萬元。民眾對於產品有相關疑慮，亦可透過食藥署網頁〉便民專區〉為民服務信箱或消保服務專線02-2787-8200進行檢舉或諮詢。若食用後產生不良反應時，則可通報食藥署所建置的「全國健康食品及膠囊錠狀食品非預期反應通報系統」，網址：http://hf.fda.gov.tw/通報專線：02-2358-7343，一起為食品衛生安全把關，共同建立安心的飲食環境。,2014/12/9
16,盧佳食品有限公司(不符食品添加物相關法規之石膏粉製作豆花)、永昌石膏化工有限公司(不符衛生法規之石膏粉套入領有食品添加物查驗登記許可證的「硫酸鈣」外袋並對外販售),,                        近日新北市政府衛生局查獲盧佳食品有限公司(盧家仙草)違規使用不符食品添加物相關法規之石膏粉製作豆花，食品藥物管理署強調，食品業者購買食品添加物時，務必確認產品之各項添加物成分均屬我國正面表列准用之品項，品質符合食品添加物規格標準，包裝有完整標示，並已依規定完成登錄。    經查新北市「永昌石膏化工有限公司」領有單方食品添加物品質改良劑「硫酸鈣」輸入之查驗登記許可證，完成食品添加物業者及該產品之登錄，惟涉嫌將不符衛生法規之石膏粉套入領有食品添加物查驗登記許可證的「硫酸鈣」外袋並對外販售，新北市政府衛生局已函送新北市地方法院檢察署及新北市刑事警察大隊後續偵辦。另台北市「第一化工原料股份有限公司」，雖有登錄為食品添加物販售業者並登錄販售約三十餘項食品添加物，但未登錄販售「硫酸鈣」，臺北市政府衛生局已命令第一化工預防性下架回收永昌公司硫酸鈣，並封存下架回收約80公斤之永昌公司硫酸鈣。    我國對於食品添加物，係採取正面表列准用品項，訂有使用範圍、限量及規格標準；包裝上應標示品名、食品添加物名稱、「食品添加物」字樣、使用範圍、用量標準及使用限制、製造廠商或國內負責廠商名稱、有效日期等資訊；強制單方食品添加物之製造、輸入、改裝等，皆應辦理查驗登記；並自今(103)年起，強制食品添加物業者及其單、複方食品添加物產品應辦理登錄。「食品添加物使用範圍及限量暨規格標準」可於食品藥物管理署查詢網站(http://www.fda.gov.tw)首頁>法規資訊>食品、餐飲及營養類項下查詢；完成登錄之食品添加物製造、加工、輸入、販售業者及其產品可於食品業者登錄平台(http://fadenbook.fda.gov.tw)之查詢專區查詢，於登錄平台目前約有三十餘筆販售食品用「硫酸鈣」之資料。　。    食品業者涉及攙偽或假冒者，可處新臺幣6至5000萬元罰鍰或5年以下有期徒刑；如使用不符「食品添加物使用範圍及限量暨規格標準」之食品添加物，可處3至300萬元罰鍰。為確保食品安全，食品業者務必使用完整標示、符合規格標準且完成登錄之食品添加物。,2014/11/13
17,未標示(油),https://www.fda.gov.tw/tc/newsContent.aspx?cid=4&id=11586,為保障大眾食品消費權益，自本(9)月16日起，展開市售油品及其相關製品全面擴大稽查，針對油品進行抽驗與檢驗，經查違規產品下架封存回收，第一時間對外發布訊息、公布在食品藥物管理署網站。食品藥物管理署針對劣質豬油案之不法油品檢驗項目，除檢驗酸價、總極性物質、重金屬(砷、鉛、銅、汞、錫)及黃麴毒素外，增加各界關注之有害物質檢驗品項，如重金屬鉻、苯駢芘、多氯聯苯、戴奧辛、丙烯醯胺及歐盟毒性列管之4種多環芳香族碳氫化合物等。惟鑑於檢驗品項有限，對於非法產品即使檢驗結果無異常並不代表無潛在健康風險。在此呼籲廠商，使用不合格的油品原料所製造的產品，依食品安全衛生管理法第15條規定判定為不法產品，不論檢驗結果為何，均應予沒入銷毀。食品藥物管理署再次強調對於不法廠商定加嚴懲。民眾若有相關疑問，可至食品藥物管理署網站劣質豬油事件專區查詢相關訊息http://www.fda.gov.tw/或請撥打食品藥物管理署諮詢專線02-27878200、各縣市政府消保專線1950。  ,2014/9/23
18,未標示(油),https://www.fda.gov.tw/tc/newsContent.aspx?cid=4&id=11513,食品藥物管理署嚴正譴責業者使用劣質豬油品混充食用油之違法行為。該署於103年9月5日召開「劣質豬油危害健康之管理研商會議」，邀集食品科學、油脂化學、毒理學及健康風險評估等專家學者等，共同針對劣質豬油之健康風險進行討論，重要結論如下:        (一)  使用劣質豬油混充為食用油販售，已明確違法，應即下架回收銷毀。 (二)  劣質豬油雖可能具有潛在之健康風險，惟因本案有關問題油品流入市面時間及民眾攝取量相當有限，是否會造成健康危害，仍需更多科學資料進行評估。 (三)  除了現有檢驗項目外，食品藥物管理署將針對有問題之劣質豬油進行總極性物質、苯駢芘、酸價等之檢驗。     食品藥物管理署及各縣市衛生局近四年來，持續針對市售各類油炸油進行監測，合計檢驗超過5萬件，檢驗結果99%均符合規定。另，現行「食用油脂類衛生標準」中業已訂有銅、汞、砷、鉛等四種重金屬之限量規定，分別為0.4 ppm、0.05 ppm、0.1 ppm、0.1 ppm，該等限量之制定業已充分考量國人之攝食量及暴露風險，如以符合該標準之食用油脂進行國人攝食量風險評估結果，不會危害人體健康。  針對本次劣質豬油混充為食用油之詐欺案件，即使這些油品對民眾健康不一定有風險，但對違法的業者仍應給予最嚴重的處罰，以還給社會一個公道。 ,2014/9/6
19,Wawona Packing Company(鮮油桃等水果產品),,"     美國Wawona Packing Company公司預防性自主回收，包裝日期103年6月1日至7月12日的鮮油桃等水果產品，因為該公司發現這些回收產品可能受到李斯特菌的污染。      食藥署經查發現Wawona Packing Company公司之油桃(甜桃, NECTARINES)有輸台紀錄(共計輸入108.35公噸)，並立即要求業者自主下架回收。後經業者回報表示，全數銷往傳統市場及個別水果行，因產品屬於生鮮產品多數已銷售完畢，後續將責成所轄衛生局查察。 ",2014/7/29
20,Wawona Packing Company(鮮油桃等水果產品),,美國食品藥物管理局(FDA)發布Wawona Packing Company自主回收鮮油桃等水果產品，因為該公司發現這些回收產品可能受到李斯特菌的污染，惟至目前為止無疾病與該回收有連結。食品藥物管理署(簡稱食藥署)提醒民眾，近期若赴美國旅遊。應注意避免購買或食用這些回收產品。如有親友贈送此類產品，建議民眾查詢美國食品藥物管理局(FDA)網站，有關鮮油桃等水果產品之詳細回收警訊(http://www.fda.gov/Safety/Recalls/ucm405943.htm)，以免誤食回收中產品。      食藥署進一步表示，經查發現Wawona Packing Company公司之油桃有輸台紀錄，已通知業者主動下架回收，目前國內未有民眾食用該產品導致身體不適之通報，民眾若有購買該產品之疑慮，建議向原購買地點詢問。 食藥署說明，因食用污染李斯特菌的食品而引起的食品中毒，每個人出現的症狀可能會因年齡、性別和抵抗力強弱等而有所不同，可能造成感冒或腸胃不適等症狀。為避免受該菌感染，避免食用存放在冰箱超過1天的即食食物及未經消毒的牛奶、進食軟乾酪或未經煮熟的蔬菜，注意確實執行殺菌之條件、徹底復熱經冷藏的食品及烹調食品確實煮熟及勿生食肉蛋奶類等，尤其生吃的蔬菜、水果要徹底洗淨。     食藥署將持續監控美國回收警訊及加強邊境查驗，並再次提醒民眾若赴國外旅遊，應注意避免購買及食用問題食品。 ,2014/7/29
21,"Advantage Health Matters, Noorish Inc.(「有機發芽鼠尾草種子+亞麻籽混和粉末」(Sprouted Chia & Flax Seed Powder))",,"     食品藥物管理署今日(103年6月20日)提醒消費者，加拿大正在回收含有鼠尾草種子(Chia seed)的食品，因為這些回收產品可能受到沙門氏菌的污染。食藥署提醒民眾，近期若赴加拿大旅遊。應注意避免購買或食用這些回收產品。如有親友贈送此類產品，食藥署建議民眾查詢食藥署食品藥物消費者知識服務網或加國食品檢查署(CFIA)網站，有關含鼠尾草種子產品之回收警訊(http://consumer.fda.gov.tw/Light/List.aspx?code=2010&nodeID=30 或 http://www.inspection.gc.ca/food/information-for-consumers/food-safety-investigations/salmonella-chia-seeds/recalled-products/eng/1402938305949/1402938307308)，以免誤食回收中產品。      食藥署進一步表示，該署監控加國回收警訊，已加強邊境查驗，並發現Advantage Health Matters, Noorish Inc.公司製造之一項產品，品名為「有機發芽鼠尾草種子+亞麻籽混和粉末」(Sprouted Chia & Flax Seed Powder) (見附圖)，批號為BIO13SFCB305(有兩種包裝規格，227克/包及454克/包)，有輸入紀錄(227克/包共輸入216包，454克/包共輸入60包)，食藥署已通知業者下架回收，並責成衛生局前往業者處所稽查，衛生局已掌握問題產品流向資訊，並監管下架回收之數量等情形，截至今日6時為止，共計封存28包(227克/包)、自台北市、基隆市、台南市及桃園縣共回收下架64包(227克/包)及10包(454克/包)。目前國內未有民眾食用該產品導致身體不適之通報，民眾若有購買該產品，建議向原購買地點詢問。 食藥署說明，沙門氏菌有多種類型，廣泛存在自然界中，部分菌型為內毒素型致病菌，可能造成腸胃炎症狀，極嚴重者可能致命。為避免該菌感染，應注意確實執行殺菌之條件、烹調食品確實煮熟及勿生食禽肉蛋類等。食藥署建議，此病菌不耐熱，經煮沸後完全死滅，應注意食品在食用時「充分加熱」，並至少加熱60℃達20分鐘以上。     食藥署再次提醒民眾若赴國外旅遊，應注意避免購買及食用問題食品。有關國外產品回收資訊，食藥署均發布於食品藥物消費者知識服務網，請民眾多加利用。 ",2014/6/20
22,臺灣費森尤斯卡比股份有限公司(雙胜胺靜脈輸注液Dipeptiven Concentrated Solution For Infusion),,"臺灣費森尤斯卡比股份有限公司通報食品藥物管理署，說明接獲原廠通知，將主動回收批號16FH00831之「雙胜胺靜脈輸注液Dipeptiven Concentrated Solution For Infusion (衛署藥輸字第023824號)」藥品，回收原因為該批號部分產品發現有白色沉澱物，疑似受到微生物汙染，經廠商初步調查，該批號產品符合無菌規範，惟該等有問題之產品，其玻璃瓶上之橡膠有被穿刺痕跡，推測其可能為製程管制之抽驗樣品，不小心混入該批號產品中。食品藥物管理署已請廠商啟動回收作業，並透過緊急聯絡網通知相關醫療機構，請醫療機構立即配合下架及回收。衛生福利部核准「衛署藥輸字第023824號雙胜胺靜脈輸注液Dipeptiven Concentrated Solution For Infusion 」藥品，許可證持有廠商為臺灣費森尤斯卡比股份有限公司，製造廠為Fresenius Kabi Austria GMBH，主成分為N(2)-L-Alaniyl-L-Glutamine, Water For Injection Add To，核准適應症為「做為一般非經腸道營養須額外補充麩胺 (Glutamine) 的病人 (如異化過度或新陳代謝過度之病人) 氨基酸溶液之補充品」，該藥品屬處方藥，須經醫師診斷並開立處方後，方能使用。依據廠商回收計畫書，該批號產品共計57,140瓶，其中有5,320瓶輸入台灣。另查，我國藥品不良品及不良反應通報系統，並未接獲該批號藥品之不良品及發生嚴重不良反應之通報案件。為確保藥物安全與醫療效能，衛生福利部已建置藥物安全監測，即時監視國內、外藥物安全訊息，除設有藥物不良反應通報系統及藥物不良品通報中心之外，並對於藥物之安全性與療效亦隨時進行再評估，如醫療人員或病患疑似因使用（服用）藥品導致不良反應之發生，請立即通報衛生福利部所建置之全國藥物不良反應通報中心，藥物不良反應通報專線02-2396-0100 ，網站：http://adr.fda.gov.tw 。 如發現藥物不良品時，請立即通報衛生福利部所建置之全國藥物不良品通報中心，藥物不良品通報專線 02-2396-0100，網站：http://recall.fda.gov.tw",2013/11/13
23,"東洲化學製藥廠股份有限公司(""東洲"" 安血平注射液20公絲/公撮（亥爪拉任）APRELAZINE INJECTION 20MG/ML (HYDRALAZINE))",,"食品藥物管理署於102年8月19日接獲不良品通報案件，通報內容為「""東洲"" 安血平注射液20公絲/公撮（亥爪拉任）APRELAZINE INJECTION 20MG/ML (HYDRALAZINE)（衛署藥製字第025245號）」（批號IN130408）藥品標示錯誤。經查該批號藥品內容物成分含量、仿單與外盒標示皆正確，惟其安瓶標示應為20mg/ml卻誤植為25mg/ml，故擬採取主動回收。食品藥物管理署已請廠商啟動回收作業，並透過緊急聯絡網通知相關醫療機構，請醫療機構配合下架及回收。另查，我國不良反應通報系統，並未接獲該批號藥品發生嚴重不良反應之通報案件。衛生福利部核准品名為「""東洲"" 安血平注射液20公絲/公撮（亥爪拉任） APRELAZINE INJECTION 20MG/ML (HYDRALAZINE)(衛署藥製字第025245號）」藥品，許可證持有廠商與製造廠皆為東洲化學製藥廠股份有限公司，主成分為HYDRALAZINE HCL，核准適應症為「高血壓」。該藥品為處方藥，須經醫師診斷後，始能由醫師開立處方，由藥事人員調劑後供病患使用。為確保藥物安全與醫療效能，衛生福利部已建置藥物安全監測，即時監視國內、外藥物安全訊息，除設有藥物不良反應通報系統及藥物不良品通報中心之外，並對於藥物之安全性與療效亦隨時進行再評估，如醫療人員或病患疑似因使用（服用）藥品導致不良反應之發生，請立即通報衛生福利部所建置之全國藥物不良反應通報中心，藥物不良反應通報專線 02-2396-0100 ，網站：http://adr.fda.gov.tw。 如發現藥物不良品時，請立即通報衛生福利部所建置之全國藥物不良品通報中心，藥物不良品通報專線02-2396-0100，網站： http://recall.fda.gov.tw。",2013/8/20
24,未標示(飲用水),,    有關財團法人中華民國消費者文教基金會檢測28件加水站樣品，其中有16件不符合行政院環境保護署所定「飲用水水質標準」乙事，各地方衛生局均持續針對轄內加水站業者進行衛生稽查，並抽驗加水站所販售之盛裝飲用水是否符合「包裝飲用水及盛裝飲用水衛生標準」，並依法進行管理。    衛生機關將持續加強加水站業者相關之衛生管理，食品藥物管理局強調，業者應加強貯水槽及管線清洗，及勿將貯水槽直接曝曬陽光，並儘量使用不銹鋼貯水槽貯水，和注意水槽的完整密封性，以阻絕病媒及灰塵，再者，業者也應定期檢查加水站其周邊環境是否乾淨；同時呼籲消費者在購買加水站盛裝飲用水時，飲用前則須經過煮沸，勿直接生飲，自備的盛裝容器也應定時清洗並保持乾淨，以確保飲用水衛生安全。,2013/6/6
