,title,content,date,link
0,人工智慧精準抽驗，優化食安邊境管理,"                    食品藥物管理署(下稱食藥署)自109年3月5日起於邊境導入大數據分析技術，建置「邊境預測智能系統（Border Prediction Intelligent System, BPI）」，挖掘潛在食安風險，輔助邊境不合格產品命中之精準度，將問題產品阻絕於境外。以生鮮冷藏冷凍水果為例，導入前後的平均不合格率由3.0%提升至3.8%，顯示精準抽驗的成效。我國輸入的產品逐年增加，100年起至113年底已自40萬餘批增加至76萬餘批，在人力、經費有限及產品多元化的情況下，又需兼顧通關時效，爰食藥署於109年間起開始導入BPI之人工智慧技術，輔助邊境抽驗之決策。業者申報輸入食品及相關產品時，首先透過食藥署負責掌理全國輸入食品資訊之「邊境查驗自動化管理資訊系統(Import Food Information System, IFI)」核判，倘屬IFI判定為一般或加強抽批機率的產品，則由BPI之人工智慧AI預測智能模型進行風險預測。BPI是蒐集國內外開放資料及食品雲相關系統資料，藉由7種機器學習演算法運算100多個特徵因子(包含產品報驗資料、歷史違規紀錄、國內外食品安全警訊等資訊)建立預測模型，利用大數據即時運算風險機率，並以7種演算法集成投票以決定是否抽驗。再由IFI依據產品風險項目及邊境查驗人員的經驗綜整判斷檢驗項目，以進行後續的取樣檢驗，倘檢驗結果為不合格的產品，業者應辦理退運或銷毀，以阻擋不合格產品於境外，同時針對該產品也會提高其抽驗機率，最高至100%逐批查驗。以每年報驗批數達3萬餘批，查驗機率為2~10%的一般抽批查驗之生鮮冷藏冷凍水果分析，於導入BPI前後的抽驗結果，其平均檢驗率下降2.4%，約可減少檢驗費用400餘萬元，不合格命中率由3.0%提升至3.8%，提升約三成，顯示以較少的人力物力達到精準抽驗之成效。食藥署利用IFI與BPI的2個系統協同合作，與邊境查驗人員共同守護國人的食用健康安全。",2025-06-11,https://www.fda.gov.tw/tc/newsContent.aspx?cid=4&id=t623633
1,發布修正食品良好衛生規範準則,        為持續精進業者實施衛生管理及配合實務需求，衛生福利部(下稱衛福部)於本(4)日發布修正「食品良好衛生規範準則」。本次修正重點羅列如下：一、修正製程及品質管制、檢驗與量測管制、文件與紀錄保存等規定，適用對象由製造業擴大為所有食品業者。二、增訂改變原設定倉儲、運輸條件者，應有合理原因及依據、抽測運輸車廂體內環境溫度。三、增訂以具冷凍及冷藏功能之運輸設備廂體運送訂有保存溫度者，抽測車廂體或容器內環境溫度，裝載冷凍食品者環境溫度不得高於攝氏負十二度。四、修正食品從業人員管理，刪除結核病檢查；教育訓練可由業者自行或委託專業機構辦理；定明新進食品從業人員應經至少三小時教育訓練及從業期間每年至少三小時教育訓練；於作業場所工作應戴口罩。五、增訂外送平台業提供食品外送服務，其外送員及外送食品過程，應遵循之衛生管理規定。六、強化食品添加物販售管理，增訂販售食品添加物應專區、專人及專冊管理。七、增訂製備菜餚其貯存及供應應有時間及溫度管理；調理即食食品，從業人員手部不得同時或接續接觸金錢或其他有污染之虞物品之規定。八、低酸性及酸化罐頭食品製造業修正為熱殺菌密閉容器包裝低酸性食品及酸化食品製造業。九、新增管理業別，食品器具、食品容器或包裝製造業，由塑膠材質業者擴大管理至各類材質業者；新增食品用洗潔劑製造業專章。        食品良好衛生規範準則為所有食品業者實施衛生管理重要準則，奠定食品安全之基礎。詳細訊息可至衛福部食品藥物管理署網站(http://www.fda.gov.tw/)之「本署公告」網頁查詢。        衛福部食品藥物管理署與地方政府衛生局持續查核業者實施情形，如發現有違反食品良好衛生規範準則規定者，依違反食品安全衛生管理法第8條第1項規定，依同法第44條第1項第1款，經命其限期改正，屆期不改正，處新臺幣6萬元以上2億元以下罰鍰。,2025-06-04,https://www.fda.gov.tw/tc/newsContent.aspx?cid=4&id=31086
2,公告修正「鮮乳保久乳調味乳乳飲品及乳粉品名及標示規定」，名稱並修正為「食用動物乳保久乳調味乳乳飲品及乳粉品名及標示規定」,                        為使消費者更加瞭解乳製產品資訊，避免混淆，衛福部於114年6月3日公告修正「鮮乳保久乳調味乳乳飲品及乳粉品名及標示規定」，名稱並修正為「食用動物乳保久乳調味乳乳飲品及乳粉品名及標示規定」。本次修正重點如下:1.修正用詞及品名標示規定：參酌國際規範用詞，修正「鮮乳」用詞為「食用動物乳」，品名應標示為「牛乳」、「羊乳」等名稱，另考量現行中央農業主管機關核發之鮮乳標章或相關驗證標章名稱，為避免消費者混淆，明定僅取得「鮮乳標章」，或農產品生產及驗證管理法之「驗證標章」者，始得標示為「鮮乳」。2.增修液態乳產品字體大小應依體積調整之標示規定。3.成分調整清楚標示：針對食用動物乳、保久乳及乳粉產品倘屬乳脂肪、乳糖調整者，應於品名或外包裝明顯處標示「乳脂肪經調整」、「乳糖經調整」或其他足以表徵成分經調整之等同意義字樣，符合中華民國國家標準(CNS)或本公告附表一者，得逕以「全脂」、「低脂」、「無乳糖」標示之。4.擴大規範對象：納入嬰兒配方食品、較大嬰兒配方輔助食品及特殊醫療用途嬰兒配方食品為規範對象。    本規定除上述涉及鮮乳品名標示，自115年7月1日生效外，其餘修正規定自116年7月1日正式生效，以產品製造日期為準。詳細訊息可至衛生福利部食品藥物管理署網站(www.fda.gov.tw)之「本署公告」網頁查詢。,2025-06-03,https://www.fda.gov.tw/tc/newsContent.aspx?cid=4&id=t623619
3,食藥署澄清外界質疑新冠快篩審查過快與超商能否販售之疑慮。,                    　　食藥署說明，家用新型冠狀病毒檢驗試劑屬第三等級醫療器材，均經食藥署嚴格審查，確認產品安全有效性，始核發許可證，領有販賣業醫療器材商執照的店家或藥局，皆可合法販售。針對食藥署於114年5月21日新核發一張家用新冠快篩試劑許可證的審查歷程，澄清如下：　　業者於113年7月提出查驗登記申請，經食藥署專業審查與檢驗，於114年5月確認符合「醫療器材許可證核發與登錄及年度申報準則」及「新型冠狀病毒抗原檢驗試劑技術基準」相關規定，始核發醫療器材許可證，並無三個工作天就核准下來之情事。　　食藥署強調，為滿足國內民眾使用快篩試劑需求，已協調試劑廠商擴大生產並請藥局、具醫療器材販賣許可執照的超商或藥粧店通路等業者協助鋪貨，以利民眾購買。,2025-05-29,https://www.fda.gov.tw/tc/newsContent.aspx?cid=4&id=t623613
4,吃粽沾醬不踩雷！你最粽意哪一味？安心最對味,　　隨著端午節腳步接近，家家戶戶紛紛準備各式粽子應景，而各種風味沾醬更是讓傳統美食加分的靈魂配角！從鹹香的辣椒醬、甜辣醬、海山醬，到創意搭配的煉乳、果糖等甜味醬料，這些醬料不僅風味各異，其背後的製造流程也大不相同。 　　辣椒醬、甜辣醬與海山醬皆屬鹹味醬料，辣椒醬係以辣椒研磨後添加調味料，經烹煮與充填製成；甜辣醬與海山醬則以辣椒醬為基底，另加入番茄醬或味噌等其他調味副原料調配而成。這類醬料在製程中經加熱處理，並透過降低水活性或調整酸鹼值等來延長保存期限。 　　煉乳、果糖及砂糖屬於常見的甜味調味醬，煉乳是將原料乳經濃縮製成；果糖則由玉米澱粉經糖化與濃縮製成；砂糖則來自甘蔗，經壓榨、澄清、結晶與分蜜等程序製成，這些產品含有較高糖分，是抑制微生物孳生的關鍵。 　　品嚐粽香美味同時，需留意醬料含有較高的糖或鈉，請適量食用，並注意選購與保存方式，以避免食安風險影響佳節興致。食品藥物管理署提醒您，選購、保存及食用粽子沾醬要特別留意以下事項：  一、 聰明選購：選擇有食品業者登錄字號及信譽良好的業者，並留意店家環境衛生及儲存條件是否適當。檢查產品包裝完整及標示是否清楚。二、 避免污染：使用時應以乾淨且乾燥器具挖取醬料，且使用完畢後應確實密封貯存，避免微生物污染。三、 適量食用：多數調味醬具有較高鈉含量或糖分，應避免過量攝取。四、 妥善保存：確認產品標示，注意有效日期是以未開封狀態而定，開封後，可放置於冰箱或陰涼處，並儘早食用完畢。,2025-05-28,https://www.fda.gov.tw/tc/newsContent.aspx?cid=4&id=31079
5,家用新冠快篩試劑持續增產，供應民眾防疫需求,                    　　因應國內新冠疫情持續升溫，食品藥物管理署(下稱食藥署)已請新冠快篩試劑許可證業者，依疾病管制署(下稱疾管署)預估國內快篩試劑需求量來擴大產能，目前根據業者提出生產規劃，自本週起家用新冠快篩試劑每週產量可達到疾管署預估需求量之2倍以上。食藥署除持續監控視疫情變化請業者滾動式調整產能，亦於食藥署官網設置「家用新型冠狀病毒檢驗試劑供應資訊專區」，公布國內販售家用新冠快篩試劑通路連結資訊，供各界查詢，滿足國人需求。　　食藥署近日已多次主動聯繫國內連鎖藥局、超商等通路，請其擴大家用新冠快篩試劑的鋪貨與備貨，並已於114年5月26日下午邀集許可證持有者、藥師公會全聯會、連鎖藥局、超商業者、連鎖藥粧店及連鎖醫療器材商共同開會，研商優化物流配送流程，使各供應門市能更即時的補貨，另為使民眾更容易購得家用新冠快篩試劑，食藥署已請上述業者提供販售門市資訊，公布在食藥署官網首頁「家用新型冠狀病毒檢驗試劑供應資訊專區」（https://www.fda.gov.tw/TC/siteContent.aspx?sid=13365），以利民眾查詢後續亦將持續更新。　　家用新冠快篩試劑國內已核准5張許可證，業者分別為寶齡富錦生技股份有限公司、台塑生醫科技股份有限公司、亞培快速診斷設備股份有限公司及泰博科技股份有限公司，相關產品供應資訊亦已公布於食藥署官網首頁「家用新型冠狀病毒檢驗試劑供應資訊專區」。,2025-05-26,https://www.fda.gov.tw/tc/newsContent.aspx?cid=4&id=t623607
6,食藥署啟動「 114年蛋製品稽查專案-洗選、液蛋作業查核」,                        食品業者常見使用液蛋作為原料製作糕餅、蛋類料理等產品，藉以省略人工打蛋之時間及成本，然而液蛋製造過程容易遭受蛋殼、設備、人員操作條件等因素，導致微生物汙染；而洗選蛋之標示情形亦為民眾所關切，爰為維護是類產品衛生安全，食品藥物管理署(下稱食藥署)啟動「114年蛋品稽查專案-洗選蛋、液蛋作業查核計畫」，聯合地方政府衛生局針對洗選蛋工廠及液蛋製造業者進行稽查及抽驗。    本專案稽查重點，包括食品業者登錄、食品良好衛生規範(GHP)準則、衛生管理人員、專門職業或技術證照人員、產品責任險、食品安全管制系統（HACCP)、原料來源合法性及產品標示等；此外，將抽驗原料蛋檢驗動物用藥及農藥殘留，並抽驗液蛋成品檢驗食品中微生物衛生標準。    食藥署呼籲食品業者應落實自主管理，確保洗選蛋及液蛋製品衛生安全及品質，倘稽查結果不符規定，將依食品安全衛生管理法處辦，以保障消費者食用衛生安全。                ,2025-05-22,https://www.fda.gov.tw/tc/newsContent.aspx?cid=4&id=t623590
7,食藥署啟動「114年包裝及盛裝飲用水製造業稽查專案」,                        水是人體的重要組成分，也是新陳代謝的必要媒介，鑒於飲用水為民生必需品，消費量大且消費族群涵蓋甚廣，包裝及盛裝飲用水的需求量持續增加，爰食品藥物管理署(下稱食藥署)賡續啟動「114年包裝及盛裝飲用水製造業稽查專案」，以確保市售包裝及盛裝飲用水之衛生安全。    本專案查核重點包含食品業者登錄資訊、產品責任險、一級品管、追溯追蹤、產品標示、食品良好衛生規範(GHP)準則等項目，並進行抽驗。食藥署呼籲食品業者應落實自主管理，並符合食品安全衛生管理法等相關規定，違者將依法處辦，以保障消費者權益。                ,2025-05-21,https://www.fda.gov.tw/tc/newsContent.aspx?cid=4&id=t623587
8,食藥署啟動「114年素食餐飲業者稽查專案」,                        隨著國人養生與環保意識抬頭，以及受到全球減碳風潮及永續理念的推動，越來越多人選擇以素食作為友善環境的飲食方式。為持續維護素食飲食之食品安全，食品藥物管理署持續規劃執行「114年素食餐飲業者稽查專案」，並聯合地方政府衛生局查核素食餐飲業者，抽驗相關素食食材及成品，以守護民眾飲食衛生安全。    本專案稽查重點包含食品業者登錄、食品良好衛生規範(GHP)準則、產品責任險、保存來源文件及標示規範之符合性等，並進行相關素食產品抽驗，如查獲違反食品安全衛生管理法(下稱食安法)相關規定者，將依法處辦。    食藥署呼籲食品業者應落實自主管理，並遵守食安法相關規定，如經查獲違反規定者將依法處辦，以維護消費者飲食衛生安全。,2025-05-21,https://www.fda.gov.tw/tc/newsContent.aspx?cid=4&id=t623571
9,食藥署啟動「 114年輕食料理餐飲業及販售業稽查專案」,                        近年以「水煮」、「清蒸」及「舒肥」等烹調方式標榜健身或養生之餐食盛行，其中舒肥產品之加熱溫度通常設定在55至68°C之間，這個溫度區間短時間內加熱無法將食品中的微生物全部殺死，因此加熱的時間就變得尤為重要，倘製程中烹飪時間及溫度掌控不佳，可能會有食品安全之疑慮。另為避免消費者因食品品名標示「健康」字樣，致對該食品有較為健康之想像，食品藥物管理署近日將啟動「114年輕食料理餐飲業及販售業稽查專案」，會同地方政府衛生局查核轄內輕食料理餐飲業。    本次查核重點包含業者之食品良好衛生規範(GHP)準則、食品業者登錄情形、產品責任險、定型化契約(食品通訊交易、禮券)、產品標示、原料來源及逾期食品等食品安全衛生管理法(下稱食安法)相關規定之符合情形，並抽驗含生鮮即食蔬果等高風險即食食品。    食品業者應落實自主管理，遵守食安法相關規定。衛生機關將持續辦理相關衛生稽查，如查有不符規定者，將依法處辦，維護消費者食用衛生安全。,2025-05-20,https://www.fda.gov.tw/tc/newsContent.aspx?cid=4&id=t623579
10,國內新冠快篩試劑供應量能充足，請民眾安心,                    　　有關家用新冠快篩試劑國內已核准4張許可證，相關業者分別為寶齡富錦生技股份有限公司、台塑生醫科技股份有限公司以及亞培快速診斷設備股份有限公司，另專業人士用新冠快篩試劑已核准6張許可證，經了解新冠快篩試劑整體供應量能充足。　　另食品藥物管理署已主動聯繫四大超商、連鎖藥局等通路，針對家用新冠快篩試劑請其協助鋪貨/備貨，以維持國內防疫量能，相關通路亦表示會盡力配合政府政策，惟目前仍須視各門市市場需求，不一定全國通路皆會鋪貨，建議民眾可至較大型的連鎖藥局購買。　　目前家用新冠快篩試劑許可證產品資訊以及業者聯繫方式已公布於食品藥物管理署官網（連結：食品藥物管理署網站首頁http://www.fda.gov.tw>業務專區 > 醫療器材 > COVID-19 防疫醫材專區 > 家用新型冠狀病毒檢驗試劑專區 > 家用新型冠狀病毒檢驗試劑許可證清單），若須詢問相關業者鋪貨通路亦可致電詢問，或至業者官網留言洽詢。                ,2025-05-15,https://www.fda.gov.tw/tc/newsContent.aspx?cid=4&id=t623574
11,食藥署呼籲：務必慎選合法醫療器材進行非侵入性皮膚皺紋與細紋治療,                        現今媒體及網路充斥許多宣稱拉提、緊緻肌膚或去除皺紋等療程的醫美廣告，食藥署呼籲，民眾如想尋求治療皺紋及細紋，應至合格醫療院所，尋求專業醫師協助，並以食藥署核准具電波除皺及超音波拉提功能的醫療器材進行非侵入性皮膚治療，避免落入不肖業者使用非法醫療器材之陷阱。    電波除皺及超音波拉提治療並非所有族群都適用，像是兒童或孕婦、裝有植入式心律調節器或心臟去顫器，以及治療區域有開放性傷口、感染或嚴重皮膚病等情形，都不建議接受電波除皺或超音波拉提治療。治療後可能產生紅腫、緊繃、刺痛、灼熱、短暫腫脹或瘀青及暫時性神經反應等現象，應依照醫囑護理治療部位，像是加強保濕及防曬、避免接觸高溫或過度搓揉治療部位，一旦發生併發症，應及時回診，尋求專業協助。    食藥署再次提醒，在接受電波除皺及超音波拉提治療前，應注意以下三個要點：首先，民眾應選擇合格醫療院所；第二，應與具執業登記之合格醫師討論，並確實告知病史，由專業醫師依個人健康狀況，審慎評估最合適的治療方案及醫療器材；第三，在施作療程前，應確認所使用之醫療器材經食藥署核准。電波除皺及超音波拉提設備皆屬於第二等級醫療器材，食品藥物管理署對其上市前審查均嚴謹把關始核予許可證。如需查詢醫療器材許可證產品相關資料，可至食品藥物管理署網站之許可證資料庫查詢(http://www.fda.gov.tw>醫療器材>資訊查詢>醫療器材許可證資料庫>西藥、醫療器材、化粧品許可證相關查詢)；如有發現醫療器材不良品或使用醫療器材引起之不良反應，請至藥品醫療器材食品化粧品上市後品質管理系統(http://qms.fda.gov.tw)或撥打不良反應通報專線: 02-2396-0100通報。                ,2025-05-14,https://www.fda.gov.tw/tc/newsContent.aspx?cid=4&id=t623569
12,食藥署說明進口冷凍豬腳檢出微量萊克多巴胺,"食藥署對食品所採取之管理措施，均在以維護食安優先的前提下，配合國家整體政策方向，透過科學分析原則，基於國人膳食風險評估及特殊飲食習慣，並參考國際標準而訂定，透過中央地方合作，持續依據食品安全衛生管理法相關規定，落實邊境查驗與市場稽查。 萊克多巴胺殘留容許量於牛肌肉，自101年9月11日實施；豬肌肉、脂(含皮)、肝、腎及其他可食部位，自110年1月1日實施。101年9月11日至114年4月30日邊境報驗牛肉及牛雜碎共計24萬9,609批，檢出萊克多巴胺計2,493批，其中，檢出萊克多巴胺超標不合格為6批，不合格批均退運銷毀；110年1月1日至114年4月30日邊境報驗豬肉及豬雜碎共計2萬5,466批，檢出萊克多巴胺計1批，其中，檢出萊克多巴胺超標不合格為0批。牛豬肉產品均一體適用食品安全衛生管理法，所有合格放行案件，都在科學分析下可接受風險。 110年至114年4月間，於後市場對進口及國產之牛肉產品共抽驗6,141件檢驗乙型受體素(含萊克多巴胺)，僅於110年有1件「美國冷藏牛腱」檢出0.02 ppm萊克多巴胺不合格，已依法處辦，其餘皆合格；於後市場對進口及國產之豬肉產品共抽驗1萬8,501件檢驗乙型受體素(含萊克多巴胺)，結果皆合格。     「豬肉儀表板」是食藥署一直秉持檢驗結果的透明揭露，讓民眾安心。所有放行產品，都在科學分析下可接受風險。目前如此，未來也持續依「食安優先、科學分析、國際標準及市場稽查」辦理。",2025-05-05,https://www.fda.gov.tw/tc/newsContent.aspx?cid=4&id=31045
13,聰明避孕不意外，準備到位沒煩惱！,                        隨著健康意識提升，越來越多民眾主動瞭解避孕相關知識，因為在不同人生階段，都可能面對避孕的選擇與考量。對許多年輕朋友來說，在探索感情與自我成長的過程中，瞭解避孕方式是保護自己的關鍵基礎，更是關乎身體健康與生活選擇的重要課題。    月經週期與受孕息息相關，每位女性朋友的月經週期略有不同，平均約28天，可分為月經期、濾泡期、排卵期與黃體期。排卵期大約在下次月經前14天，是受孕機率最高的時期。掌握週期變化，不僅有助於照顧自己的身體，也能作為自然避孕法的參考。    口服避孕藥是許多女性朋友會選擇的避孕方法，主要分為「事前」與「事後」兩種。「事前」避孕藥需要連續服用，透過少量雌激素與黃體素進行體內調節，抑制排卵進而達到有效避孕的效果。「事後」避孕藥則是在無安全措施的性行為後72小時內服用，透過高劑量黃體素抑制或延遲排卵，但並不適合長期使用。    除口服避孕藥，還有多種避孕選擇，如保險套、子宮內避孕器、陰道內避孕環或皮下植入劑等。每種方法都有其適用情況，建議女性朋友可根據個人需求與健康狀況，與醫師討論後選擇最合適的方式，並可向藥師諮詢以獲得更多衛教資訊。    食品藥物管理署特別呼籲：不論使用哪種避孕方式，務必選用具有合法許可證字號的藥品或醫療器材，切勿在網路或來路不明的管道購買，以免對健康造成嚴重危害。正確避孕不僅保護自己與他人，也是一種對未來負責的表現。掌握知識，保護健康，展現成熟自信。                ,2025-04-30,https://www.fda.gov.tw/tc/newsContent.aspx?cid=4&id=t623532
14,2025智慧醫材跨域產業鏈結交流會登場 落實「健康臺灣」與強化國際拓銷動能,                    衛生福利部食品藥物管理署(以下簡稱食藥署)委託財團法人生技醫療科技政策研究中心今（28）日在臺大國際會議中心舉辦「2025智慧醫材跨域產業鏈結交流會—臺灣接軌國際醫療：智慧醫材市場拓銷與輸出機會」，邀集國立臺灣大學附設醫院吳明賢院長、中華民國醫療器材商業同業公會全國聯合會陳堯濱理事長、台灣醫療暨生技器材工業同業公會黃大可副理事長、社團法人國家生技醫療產業策進會錢宗良執行長等嘉賓及來自產官學研醫的代表共同參與，期透過國際趨勢解析、國際市場拓展經驗分享、創新技術展示、1對1媒合交流及現場法規諮詢，促進智慧醫材發展與技術輸出、跨域合作與產業鏈整合，強化我國智慧醫療器材產業的全球競爭力。食藥署積極推動「健康臺灣」政策，協助業者將智慧醫療技術應用於健康促進及慢性病預防、強化國家癌症防治計畫、智慧醫療結合健康照護等11項重點工作，透過智慧科技的導入，優化醫療照顧流程與效率，透過公私協力，共同推動臺灣智慧醫材產業的發展。食藥署因應國際智慧醫材產業發展趨勢，自109年至114年3月底，已核准180張應用AI技術之醫療器材許可證（國產55張，輸入125張），配合國家政策，結合多樣性技術及臨床應用，提供國產智慧科技醫療器材專案諮詢輔導服務，協助國內智慧醫材之發展，媒合智慧科技醫療器材臨床落地應用，提升我國健康照護能量。活動邀請宏碁智醫總經理許凱程及雲象科技執行長葉肇元解析全球智慧醫材結合AI應用的最新發展及分享拓銷國際市場的經驗，並安排9家新創醫材團隊進行技術展示，包括腦波監測裝置、血液透析AI預判系統、AI肝癌復發預測平台、5G多參數生理監視系統等，充分展現臺灣在智慧醫材領域的研發能量與臨床應用實力。活動現場同步設有食藥署法規諮詢、業者海報展示與1對1媒合交流區，讓技術與需求精準對接，進一步創造跨域合作與國際拓銷機會。面對全球智慧醫療市場，臺灣勢必加速資源整合與創新升級，透過本活動期望引發更多的創新想法和合作機會，共同邁向國際市場，創造智慧醫療新價值。                ,2025-04-28,https://www.fda.gov.tw/tc/newsContent.aspx?cid=4&id=t623529
15,食藥署說明媒體報導藥廠實驗室疑遭汙染一事,                       食藥署於114年4月23日派員赴國光公司查核，經調閱實驗室作業程序、環境清潔消毒紀錄、偏差事件調查紀錄並訪談相關人員，確認本次事件所涉區域為研發實驗室(2樓)，與上市產品用之品管實驗室(地下1樓及1樓)有實體區隔，廠內製造疫苗產品(含生產、檢驗、儲存)皆未於該涉案區域執行，無涉疫苗品質與安全，惟發現仍有數項缺失涉違反藥事法第57條，將移請地方政府衛生局處辦。   食藥署查核發現該事件發生後，該公司雖已進行消毒，惟仍有缺失包含:實驗動物之接收管理程序不完善、研發部門環境消毒紀錄不完整、研發部門對於偏差事件紀錄不完整、研發部門未以風險管理原則評估對全廠之影響。現場已責令廠方應於一周內提交改正報告至署，本署將再赴廠確認改善落實性。   食藥署持續以國際一致性PIC/S GMP規範，對藥廠進行定期及不定期查核，嚴謹把關藥品製造廠製造品質，完善民眾用藥安全的環境。                ,2025-04-23,https://www.fda.gov.tw/tc/newsContent.aspx?cid=4&id=t623521
16,因應近期美國擬調高藥品關稅，食藥署及健保署已啟動相關因應機制,                        因應近期美國擬調高藥品關稅，可能衝擊我國藥品進口與供應穩定，衛生福利部食品藥物管理署(下稱食藥署)與中央健康保險署(下稱健保署)已啟動相關因應機制，從強化預警、藥價彈性調整到提升供應鏈韌性等多方面著手，全力確保臨床用藥無虞，保障民眾醫療權益。一、建立藥品短缺處理機制，強化我國藥品供應韌性    食藥署已建立藥品短缺處理機制、制定必要藥品清單等，當發現藥品有短缺之虞，即啟動調查與評估，必要時請替代藥品廠商增產、公開徵求專案進口或製造等。針對美國生產藥品，食藥署目前已完成盤點，並函請相關許可證持有商確實掌握國外供應情形及提升國內藥品庫存。此外，對於罕藥、抗腫瘤藥、生物製劑等重要藥品，食藥署亦加強主動追蹤，確保民眾用藥無虞。    為降低藥品對單一來源原料藥的依賴，食藥署持續鼓勵藥廠增加原料藥來源並強化原料儲備，並透過專案輔導與加速審查機制，協助業者加快取得藥品許可證。二、確保藥價合理，鼓勵在地製造與替代使用    在價格政策方面，短期已針對可能受影響之藥品進行清單盤點，如因全球供應鏈生態改變致生產成本遽增，廠商可依全民健康保險藥物給付項目及支付標準第34條、第35條規定向健保署提出價格調整建議，以維持合理價格與市場穩定。長期則將持續推動學名藥與生物相似性藥品之使用，並支持新藥於國內在地製造，以提升我國製藥產業之韌性與自給能力，確保藥品穩定供應。    國際情勢瞬變，食藥署及健保署將持續強化藥品供應鏈韌性，以確保藥品穩定供應，保障國人健康權益。                ,2025-04-21,https://www.fda.gov.tw/tc/newsContent.aspx?cid=4&id=t623515
17,特定疾病配方食品怎麼挑?專家來教你,                        「特定疾病配方食品」是當病人因生理功能失調，導致無法進食、消化、吸收或代謝一般食品或食品中特定營養成分，或醫學上認定有其他特殊營養需求，且不易透過日常飲食調整所獲取時，可作為病人單一營養來源或部分營養補充的配方食品，例如糖尿病、癌症及腎臟病人等適用的配方食品。    提供給特定族群食用的特定疾病配方食品，經由專家組成的審議小組審查通過後，發給許可文件，分為可作為單一營養來源的「營養均衡完整配方食品」、「營養調整完整配方食品」及不可作為單一營養來源的「營養調整補充配方食品」、「特殊單素配方食品」四大類，衛生福利部（食品藥物管理署承辦，下稱食藥署）截至目前核准之特定疾病配方食品有373件。    取得許可的特定疾病配方食品外包裝上，除應符合一般包裝食品規定標示事項外，同時要標示「適用對象」、「開封前後保存方法」、「使用方法及用量」、「本品屬特定疾病配方食品，不適合一般人食用，須經過醫師或營養師指導使用」、「多食對改善此類疾病並無幫助」及「本品非供靜脈注射用」或等同意義詞句，此外，自114年1月1日起，必須在外包裝正面處，顯著標明「特定疾病配方食品」字樣。    食藥署提醒，特定疾病配方食品不是藥品，對於疾病並不會有治療效果，也不適合一般人食用，須經過醫師或營養師專業評估下使用；購買時，應選擇經查驗登記許可的特定疾病配方食品，食用前詳閱產品標示說明，並正確使用產品，才能得到最佳的營養支持。民眾若想查詢核准的特定疾病配方食品，可至食藥署網站（https://www.fda.gov.tw）/食品藥物消費者專區/整合查詢服務/食品/核可資料項下查詢。,2025-04-16,https://www.fda.gov.tw/tc/newsContent.aspx?cid=4&id=t623507
18,公告修正「健康食品之骨質保健功效評估方法」,                    為使健康食品保健功效評估試驗之實驗方法與實驗執行相關規範更臻明確與周全，並考量動物保護及福祉，衛生福利部(下稱衛福部)於4月10日公告修正「健康食品之骨質保健功效評估方法」。本次修正重點：一、刪除動物實驗；二、修訂受試對象條件、受試人數及安全性監測項目；三、修訂數據統計分析方法與結果判定之規範及保健功效敘述。「健康食品」所許可標示或廣告之保健功效及其宣稱敘述，取決於個別產品依據衛福部公告之保健功效評估方法，提出之科學實驗驗證結果。詳細訊息可至衛福部食品藥物管理署網站(http://www.fda.gov.tw/)之「本署公告」網頁查詢。衛福部強調，健康食品本質仍屬食品，並沒有等同藥品的效果，亦無治療疾病的作用，若身體有任何不良狀況仍應循正常醫療管道診治，切勿自行食用誇大功效或宣稱療效的產品，以免花錢又傷身。,2025-04-10,https://www.fda.gov.tw/tc/newsContent.aspx?cid=4&id=t623505
19,安心對抗青春痘「藥」這樣用！,                        青春痘（痤瘡）是常見的皮膚問題，春夏交替時，溫度和濕度變化易加重不適。透過正確的藥品治療和適當保養，青春痘是可有效控制，食品藥物管理署（以下簡稱食藥署）將幫助大家安心對抗青春痘。認識不同種類的青春痘藥品治療青春痘的藥品可分為外用藥與口服藥，應根據青春痘的嚴重程度、膚質與個人需求來選擇適合的治療方式。(一)外用藥：減少皮脂分泌、促進角質代謝，或對抗引發青春痘的細菌。常見的外用藥類型包括：1.過氧化苯(Benzoyl Peroxide)：具有抗菌作用，減少痤瘡桿菌，並溶解角質，適用於輕度青春痘。使用時應注意避免過量，因可能引起乾燥與刺激感。2.外用抗生素（例如克林黴素Clindamycin、紅黴素Erythromycin）：對發炎性青春痘有抗菌與抗發炎作用，長期使用可能產生抗藥性。3.外用A酸（例如Tretinoin、Isotretinoin、Adapalene）：讓角質細胞生長正常，減少過度角化，抗發炎作用。但刺激性可能較強，需搭配保濕與防曬措施。4.外用杜鵑花酸(Azelaic Acid)：作用類似A酸，幫助改善青春痘情況。(二)口服藥:當外用藥效果有限，或青春痘較為嚴重（例如囊腫型青春痘、大範圍發炎），醫師可能會建議使用口服藥來改善病情。常見的口服藥包括：1.口服抗生素（例如四環黴素類Tetracycline、Doxycycline）：具抗菌與抗發炎作用，抑制痤瘡桿菌生長。使用期間應避免過度陽光曝曬，以防止光敏感反應。2.口服A酸（Isotretinoin）：針對重度囊腫型青春痘，能有效降低皮脂分泌、減少發炎並抑制粉刺生成。使用時可能引起口乾、皮膚脫皮，甚至影響肝功能，女性需避免懷孕，因可能導致胎兒畸形，必須在醫師嚴格監督下使用。3.口服賀爾蒙藥品（適用於女性）：可調節體內荷爾蒙，減少雄性激素對皮脂腺的影響，從而減少皮脂分泌，適用於因內分泌失調引起的青春痘。    青春痘若處理不當，可能會留下永久性色素沉澱或疤痕。為能保持「好臉色」，除有良好的生活習慣與正確的清潔保養之外，也應確認自身青春痘狀況，對於用藥有疑問，請諮詢醫師或藥師，讓專業幫助您擺脫青春痘困擾。另外應避免迷信偏方，也切記不要透過網路平台購買來路不明的藥品，如此才能更安心有效地對抗青春痘。                ,2025-04-02,https://www.fda.gov.tw/tc/newsContent.aspx?cid=4&id=t623502
20,食藥署說明今日媒體報導「藥界籲縮短藥品入庫效期」一事,                        有關今日多家媒體報導「藥界籲縮短藥品入庫效期」一事，食品藥物管理署(以下簡稱食藥署)說明如下:    食藥署是依廠商所做的安定性試驗結果來核訂藥品的有效期限，在有效期限內如依照仿單標示的儲存溫度來存放及使用，並不會影響藥品的品質、安全與療效。    食藥署已建立藥品短缺處理機制，並持續精進藥品供應管理措施，以確保藥品穩定供應。另目前國內生理食鹽水供應情形已達供需平衡，食藥署亦會持續監控。                ,2025-03-27,https://www.fda.gov.tw/tc/newsContent.aspx?cid=4&id=t623490
21,食藥署澄清近日媒體報導「衛福部遲不開放家用流感病毒快篩試劑」乙事與事實不符,                    近日媒體報導指稱「衛福部遲不開放家用流感病毒快篩試劑」乙事，與事實不符。食藥署澄清從未限制業者提出家用流感病毒快篩試劑查驗登記申請，且對於相關案件審查皆加速辦理並審慎把關。食藥署曾於113年受理一件家用新冠/流感二合一快篩試劑查驗登記，惟所附資料產品性能不符合技術基準，未能准予登記。目前無業者提出家用流感病毒快篩試劑查驗登記申請，若有業者申請，會盡速辦理。為確保產品之安全及有效性，食藥署參考國際審查規範，110年公告「流感病毒抗原快篩試劑檢測系統技術基準」及「家用體外診斷醫療器材查驗登記須知」，可提供業者作為研發家用流感病毒快篩試劑查驗登記資料準備之參考。目前，食藥署已核准15張流感病毒抗原快篩試劑許可證，其中2張為新冠/流感二合一快篩試劑許可證，皆為專業人員使用，尚無核准家用流感病毒快篩試劑。                ,2025-03-27,https://www.fda.gov.tw/tc/newsContent.aspx?cid=4&id=t623489
22,食藥署啟動「114年端午複合式專案」,                      為維護消費者於端午節慶期間之食品安全衛生，食品藥物管理署(下稱食藥署)啟動114年端午複合式專案，透過加強查核及抽驗，確保製造業及販售業之相關產品符合食品安全衛生管理法(下稱食安法)相關規定。  本次專案稽查重點依食安法相關規定，查核製造業及販售業之食品業者登錄資訊、食品良好衛生規範(GHP)準則、標示正確性及定型化契約等項目，並抽驗相關應景食品(如粽子及其原料等)，檢測農藥、動物用藥殘留、食品添加物及衛生標準等項目，如查獲違反食安法相關規定者將依法處辦。  食藥署呼籲食品業者應落實自主管理，遵守食安法相關規定。此外，提醒民眾歡慶端午佳節之餘，記得不要多食而造成身體負擔；購買相關應景食品時要辨明標示資訊及新鮮度，留意販售場所之環境清潔及店員衛生習慣，購入後也要妥善保存並於有效日期內儘快食用完畢。                ,2025-03-26,https://www.fda.gov.tw/tc/newsContent.aspx?cid=4&id=t623466
23,食藥署啟動「114年食用冰塊及包裝冰品製造業稽查專案」,                        台灣氣候炎熱，許多食品業者常使用冰塊降低食品溫度，以確保涼快口感及食材新鮮度，民眾亦常選購各式各樣清涼可口的冰棒或冰淇淋等冰品來享用，為確保市售食用冰塊及包裝冰品之品質衛生，食品藥物管理署聯合地方政府衛生局共同執行「114年食用冰塊及包裝冰品製造業稽查專案」，針對食用冰塊及包裝冰品製造業者之原料來源、環境衛生、產品標示等進行稽查並抽驗相關產品，確保產品品質符合食品安全衛生管理法相關規定，以維護民眾健康。    本次稽查重點包含食品業者登錄資訊、產品責任險、食品良好衛生規範準則(GHP)、食品添加物使用及管理情形、原料合法性、保存來源文件、自主管理、食品追溯追蹤系統、定型化契約及產品標示等項目，並抽驗食用冰塊及包裝冰品檢驗食品中微生物衛生標準等。    食品藥物管理署關心民眾食用安全，並呼籲食品業者應落實自主管理，確保製售食品符合食品安全衛生管理法相關規定，倘查獲違規情事將依法處辦，以保障消費者權益。,2025-03-20,https://www.fda.gov.tw/tc/newsContent.aspx?cid=4&id=t623455
24,食藥署啟動「114年國道服務區暨交流道周邊餐飲業稽查專案」,                        國道及快速道路為國人南來北往的交通要道，尤其連續假期大量返鄉及出遊車潮，使國道服務區及交流道周邊餐飲業者成為民眾飲食及休息的首要選擇，爰食藥署規劃「114年國道服務區暨交流道周邊餐飲業稽查專案」，聯合地方政府衛生局針對業者作業環境與從業人員進行稽查，並抽驗供應的餐食等，以維護民眾飲食衛生安全。    本次專案稽查重點包含食品良好衛生規範(GHP)準則、食品業者登錄、產品責任險、食品添加物使用、烹調技術士持證比、食品業者應保存來源文件等，同時針對直接供應飲食場所標示進行查核，如牛(豬)肉及其可食部位原料之原產地標示、基因改造食品原料標示、重組肉或注脂肉食品標示等項目，另抽驗即食食品或各式調味醬等，並依產品類別分別檢驗食品中微生物及防腐劑等項目。    食藥署呼籲食品業者應落實自主管理，確實遵守食安法相關規定，倘GHP不符規定，經命限期改正而屆期不改正者，涉違反食安法第8條規定，可依同法第44條規定處新臺幣6萬元以上2億元以下罰鍰。                ,2025-03-20,https://www.fda.gov.tw/tc/newsContent.aspx?cid=4&id=t623458
25,食藥署聲明：透明矯正牙套均依法管理並遵循國內相關法規，針對不法產品積極處理,                        為了保障民眾的就醫權益，確保醫療器材的安全與品質，食品藥物管理署(以下簡稱食藥署)負責審查產品之安全性、效能及品質，並與醫事人員攜手提供完善的醫療服務。食藥署目前已核准之透明矯正牙套系統相關許可證，部分產品許可證範圍含牙套材料、矯正規劃軟體及牙套成品，部分產品許可證範圍含牙套材料與矯正規劃軟體，雖未涵蓋牙套成品，但在醫事專業人員訂製病人使用客製化牙套時，因其屬於客製化器材，為醫療業務的一環，無須再向主管機關申請查驗登記或登錄。食藥署未來將進一步完善許可證核准內容，確保牙套相關產品管理之一致性。    食藥署強調，醫事專業人員在訂製病人專用如牙套、骨材等客製化器材時，皆需要經由我國同類產品醫療器材許可證所載製造業者生產，以確保產品的合法性與安全性。    針對近期有團體指稱特定牙套產品來源、廣告及成品等疑似違規情事，食藥署已責成地方衛生局積極介入調查、釐清，若發現違法事證，將依法嚴懲。此外，食藥署為加強網路販售牙材相關違規產品的監管，食藥署日前已函請國內各大電商平台加強網路自主巡查，對於違規頁面應即刻下架，再經查獲將依法處分。對於境外網站販售非我國核准之牙材等違規商品，食藥署除已洽跨部會協助，並呼籲我國醫事專業人員務必自合法管道購買、使用通過食藥署審查且取得許可證之合法牙科相關醫療器材，以維護民眾的消費權益與健康安全。                ,2025-03-19,https://www.fda.gov.tw/tc/newsContent.aspx?cid=4&id=t623463
26,食藥署公布113年度十大違規食藥廣告,"                        食品藥物管理署(下稱食藥署)公布113年度十大違規食藥廣告名單，提醒消費者不要輕信廣告內容，花錢受騙上當。這十大違規食藥廣告分別為∶1.「A.H.A關捷挺固立」；2.「原輔堂立順芯」；3.「活化勝」；4.「PP石墨烯智能氣動塑崩系列」；5.「PBF護衛寶」；6.「神農太醫堂千金方加味排毒祛濕飲」；7.「元氣堂-苦瓜胜肽複方強化EX膠囊」；8.「萬年堂全酵激酶EX」；9.「金沛兒蜂胎王純淨奇蹟膠囊」及10.「Labelle拉蓓-青春超能纖汁」等產品(如附件)。上述產品廣告內容大多涉及醫療效能與生理功能，均已依法裁處新臺幣(下同)100萬至1,124萬元，其中「A.H.A關捷挺固立」產品，廣告誆稱為「治療肌少症，逆轉肌肉萎縮…治療退化性關節炎」等誇張療效，為113年度違規食藥廣告之首，累計開罰1,124萬，同時裁處該廣告代言人郭子乾先生，計216萬元。    食藥署表示113年度全國衛生機關裁處食品、藥物、化粧品違規廣告共計8,006件，罰鍰金額達3億7,765萬元，相較於112年裁處10,526件，罰鍰金額4億3,202萬元，裁處件數減少2,520件及金額減少5,437萬元，均顯著下降，顯示食藥署於113年1月31日祭出修正廣告處理原則加重處罰之規定，包括廣告違規情狀及名人代言加權最高3倍等，已達到嚇阻違規廣告之效果。不過，食藥署仍將持續與全國衛生機關合作，加強稽查違規廣告，以維護國人健康及有效淨化閱聽環境。    食品廣告依食品安全衛生管理法第28條規定，倘涉及不實、誇張或易生誤解，可處4萬元以上400萬元以下罰鍰，涉及醫療效能，可處60萬元以上500萬元以下罰鍰；化粧品廣告則依化粧品衛生安全管理法第10條規定，倘涉及虛偽或誇大，可處4萬元以上20萬元以下罰鍰，涉及醫療效能，可處60萬元以上500萬元以下罰鍰；一般商品違反藥事法第69條規定，非藥物不得為醫療效能之標示或宣傳，可處60萬元以上2,500萬元以下罰鍰。    最後，食藥署呼籲民眾，凡是廣告內容太吸引人的，務必提高警覺，聰明判斷產品資訊，尤其是宣稱具有療效的廣告內容更勿輕信、勿衝動購買，以免花錢受騙！如發現身體不適的情形，應尋求正規之醫療管道就醫。另，食藥署設置有「違規食品、藥物、化粧品廣告民眾查詢系統」（網址: http://pmds.fda.gov.tw/illegalad/）及「食藥膨風廣告專區」（網址:http://www.fda.gov.tw/TC/news.aspx?cid=5085），可查詢廣告相關資訊，做為選購產品的參考，一起守護自身健康及消費權益。",2025-03-19,https://www.fda.gov.tw/tc/newsContent.aspx?cid=4&id=t623454
27,"食藥署啟動「114年冷凍冷藏蝦類產品製造業稽查專案」
",                        蝦類產品係國人烹調常使用之食材，如蝦、蝦仁等產品。為維護蝦類食品之衛生安全，食品藥物管理署近日將啟動「114年冷凍冷藏蝦類產品製造業稽查專案」，由衛生機關針對冷凍冷藏蝦類產品製造業進行稽查及抽驗。    本次專案稽查重點依食品安全衛生管理法相關規定，查核業者食品良好衛生規範準則(GHP)、食品安全管制系統準則(HACCP)、食品業者登錄資訊、原料來源及使用之合法性、產品標示、食品安全監測計畫、強制檢驗、保存來源文件、食品追溯追蹤系統等項目之符合性，並抽驗蝦類等水產品相關原料或成品。    食品業者應落實自主管理，衛生機關將持續辦理相關衛生稽查，如查有不符規定者，所轄衛生局將依法處辦，維護消費者食用衛生安全。                ,2025-03-17,https://www.fda.gov.tw/tc/newsContent.aspx?cid=4&id=t623452
28,食藥署啟動「114年度醃漬蔬菜製造業稽查專案」,                      醃漬蔬菜為許多料理增添風味，亦為國人佐餐喜愛的配菜，為確保醃漬蔬菜產品的安全衛生，食品藥物管理署(下稱食藥署)聯合地方政府衛生局針對醃漬蔬菜製造業者啟動稽查抽驗專案，並將近年抽驗不合格之製造業者優先納入查核名單，以落實源頭管理。  本次稽查重點將針對食品良好衛生規範(GHP)準則、產品責任險及產品標示等進行稽查外，另將加強查核食品添加物使用之合法性，並抽驗成品檢驗防腐劑、漂白劑、甜味劑或食品中微生物衛生標準等項目，期望透過加強稽查及抽驗，提升產品安全衛生。  食藥署呼籲食品業者應遵守食品安全衛生管理法相關規定，落實自主管理，產製之環境衛生應符合「食品良好衛生規範(GHP)準則」，製程中倘需使用食品添加物，亦應符合「食品添加物使用範圍及限量暨規格標準」，如查獲違反相關規定，將依法處辦，以維護消費者食用衛生安全。,2025-03-12,https://www.fda.gov.tw/tc/newsContent.aspx?cid=4&id=t623446
29,發布修正農藥殘留容許量標準 加強食品殘留農藥管理,                        衛生福利部於本(11)日發布修正「農藥殘留容許量標準」，修正內容為增修訂阿納寧等32種農藥於100項農作物之殘留容許量、刪除二‧四地等2種農藥6項殘留容許量，以及增列「普硫松」為公告禁用農藥。前述增修訂殘留容許量，包含進口容許量7種農藥20項農作物之殘留容許量；國內登記案10種農藥62項農作物之殘留容許量；配合檢驗方法修正16種農藥18項農作物之殘留容許量。    我國對於農藥之核准登記及修訂殘留容許量，分別由農業部及衛生福利部依權責辦理。農藥殘留容許量之增修訂依據來源為二，一為配合國內前端農業部核准國內農藥使用需求及範圍等規定；二為因應國際貿易需求，由出口國政府或農藥業者向衛生福利部食品藥物管理署(下稱食藥署)提出。針對進口農產品，因其農作物生長環境、病蟲害防治及用藥方法與國內情形不同，為國民飲食需求，係由食藥署參酌先進國家作法，受理增修訂進口農產品殘留農藥容許量之案件。另，農藥殘留容許量之修正，經審核農藥之毒性資料、農作物殘留量消退試驗資料、核准登記使用方法等科學性資料，參酌國際間標準，評估國人對各類農作物取食總量之累積風險，並會商農業部，經專家委員審核通過，期在保護國內消費者飲食安全之前提下，讓農藥之使用及管理更加合理化。    食藥署持續監測市售農產品之農藥殘留，如發現有違反農藥殘留容許量標準之規定者，依違反食品安全衛生管理法第15條第1項第5款規定，依同法第44條第1項第2款處新臺幣6萬元以上2億元以下罰鍰，並由地方政府衛生局聯合農業機關追查供應來源及殘留原因，依法處辦，讓民眾食的安心。,2025-03-11,https://www.fda.gov.tw/tc/newsContent.aspx?cid=4&id=t623447
30,粧出質感魅力，眼唇彩粧守則,                       眼唇彩粧是許多人日常粧容的關鍵，正確的使用方式與產品選擇，不僅能提升粧容質感，更能確保肌膚健康。食品藥物管理署(食藥署)提醒消費者，挑選彩粧品時應留意標示資訊，使用時依照適當方式，並確保肌膚清潔，完整卸粧，讓粧感與健康兼顧。   眼唇彩粧與卸粧化粧品種類多，常見包括眼影、眼線、睫毛膏、唇膏、唇蜜、卸粧油、卸粧乳等。消費者可依「彩粧5守則」來挑選與使用：「選有標」，購買標示完整的產品，包括品名、用途、保存期限等；「查登錄」，必要時可至食藥署「化粧品產品登錄平台系統-民眾查詢」查詢產品是否已登錄；「依用法」，不同部位使用的彩粧品應按照標示正確使用，例如唇線筆不應用於眼部；「要檢視」，定期檢查化粧品是否過期、變質或發霉；「重衛生」，使用彩粧時應保持工具衛生，避免與他人共用，確保安全。   彩粧後應徹底卸粧，確保肌膚清潔無殘留。卸粧時應使用足夠的卸粧產品，進行乳化步驟，最後搭配洗面乳等洗臉劑清潔，以減少彩粧殘留對肌膚的影響。如使用彩粧後肌膚產生異常，應立即停用，並攜帶相關產品標示就醫，詳述使用情形，亦可透過食藥署建立之「藥品醫療器材食品化粧品上市後品質管理系統」，網址：http://qms.fda.gov.tw/tcbw/，通報專線：02-2521-5027。更多化粧品安全資訊可至「TFDA化粧品安全使用」臉書粉絲團(http://www.facebook.com/tfdacos)查詢，了解如何安全使用化粧品，一起粧出健康美麗！,2025-03-05,https://www.fda.gov.tw/tc/newsContent.aspx?cid=4&id=t623437
31,衛生福利部食品藥物管理署代理、新任署長交接暨宣誓典禮,                      衛生福利部食品藥物管理署今（27）日上午11時30分舉行代理、新任署長交接暨宣誓典禮，由衛生福利部邱部長泰源親自主持監交儀式，新任署長由國立臺灣大學醫學院毒理學研究所教授兼所長姜至剛接任。邱部長表示，姜署長研究專長為醫學、食品安全與藥毒理學等，同時具備學術專業及臨床實務，又國立臺灣大學醫學院附設醫院吳院長明賢特別出席典禮並力薦，姜署長為腎臟科醫師，精通藥品及毒理，且具法律碩士學位，是不可多得的三刀流人才，相信能發揮所長，帶領食藥署團隊，賡續重要業務之推動。  邱部長感謝卸任代理林署長代理期間之辛勞，帶領食藥署同仁堅守崗位、守護全民健康。姜署長指出，食藥署職掌的「食品」、「藥品」、「醫療器材」及「化粧品」四大業務，攸關國人健康安全，責任重大。面對未來挑戰，食藥署將全面提升管理與科技能量，並特別聚焦於以下重點業務：  藥品方面，除了嚴守民眾用藥安全，更將全面強化藥品供應鏈的韌性，確保藥物供應穩定，並積極推動國內生技藥業的發展，以創新研發帶動產業升級。  食品方面，針對邦克列酸、諾羅病毒、仙人掌桿菌等生物性危害，將透過完善GHP與HACCP制度，從源頭防範生物性危害。對於蘇丹紅、農藥殘留等化學性危害，將結合人工智慧科技輔助監控與檢驗，並透過跨部會合作及吹哨者保護機制，及時揭發並有效遏止食安違法事件。  醫療器材及化粧品方面，署方將加速法規與標準的國際接軌，促進產業的國際競爭力與產品安全性，保障民眾健康並帶動產業成長。  姜署長強調接任署長重任後，將持續精進食品安全制度設計、發展數位監控及人工智慧技術、強化邊境查驗、落實源頭管理及中央地方合作稽查，並強化藥品供應短缺通報處理機制，確保醫療體系供需平衡等，帶領食藥署專業團隊一同努力、與時俱進，同時加強與各公協會及國內外機關構的溝通、協調與合作，持續透過「公私協力」與「自主規制」模式守護民眾安全，也盼社會各界給予食藥署支持與鼓勵。                ,2025-02-27,https://www.fda.gov.tw/tc/newsContent.aspx?cid=4&id=t623434
32,元宵湯圓購買攻略，呷安心顧健康,                    為慶祝元宵節，民眾多半會購買元宵或湯圓與家人共度佳節。元宵及湯圓的製程及成分各有不同，元宵多由餡料蘸附糯米粉與糖等原料製成，經過滾圓、蒸煮等工藝；而湯圓則是由糯米粉與餡料結合，多數由機械製成。這些產品的製程與成分會影響其口感與保存方式，建議民眾可選擇適合的產品食用。食藥署提醒，民眾選購及食用時可注意下列事項，以確保食品的安全衛生。1. 選店家選擇有食品業者登錄字號的食品業者，且留意現場製作環境乾淨整潔。2. 看標示/主動問主動詢問店家或仔細閱讀外包裝標示的成分及過敏原資訊，並確認保存期限及保存條件。3. 妥保存冷藏或冷凍保存，勿儲放在7℃-60℃的溫度範圍，避免食品變質。4. 要煮熟烹煮食品中心溫度超過70℃，湯圓、元宵煮熟浮起後再煮1-2分鐘，確保內外完全熟透。此外，湯圓與元宵多半有高糖與高油，建議適量攝取並搭配均衡飲食，過個兼具美味及健康的元宵節。,2025-02-12,https://www.fda.gov.tw/tc/newsContent.aspx?cid=4&id=t623415
33,洗鼻器，讓你告別過敏，迎接春天的芬芳,                        春天來臨，萬物復甦，但對於有過敏性鼻炎的人來說，這也是最難熬的時候。隨著花粉四散飛揚，加上空氣污染和霾害問題加劇，鼻腔容易累積灰塵、花粉和細菌，進而引發鼻塞、打噴嚏、流鼻水等不適症狀。一般而言，鼻子具有自清能力，無須借助洗鼻器來清除鼻腔內髒汙微粒，然而，當髒汙過多或具傷害性時，可能影響鼻腔黏膜的清除及保護功能。    洗鼻器屬第一等級醫療器材，如裝置內含沖洗溶液或洗鼻鹽，則屬第二等級醫療器材，透過洗鼻器使用生理鹽水沖洗，可以幫助清除過敏原、灰塵等有害物質，緩解過敏反應，改善鼻塞和流鼻水等不適，有助於過敏性鼻炎患者舒緩症狀。使用洗鼻器時，可以搭配適當溫度的生理食鹽水來進行清潔，並注意操作方式，避免水流過急或過猛，但仍須尋求醫師專業意見及配合治療，才能有效地改善過敏症狀。    食品藥物管理署提醒您，選購此類產品時，應依照「醫材安心三步驟」，「一認」-認識洗鼻器是醫療器材；「二看」-購買時要看外盒有無標示醫療器材許可字號；「三會用」-使用前要詳閱說明書，才能正確使用。如有需查詢醫療器材許可證產品相關資料，可至食品藥物管理署網站之許可證資料庫查詢（連結：食品藥物管理署網站首頁http://www.fda.gov.tw>醫療器材>資訊查詢>醫療器材許可證資料庫>西藥、醫療器材許可證相關查詢）；此外，若醫療器材引起之不良反應，請通報衛生福利部食品藥物管理署建置之藥品醫療器材食品化粧品上市後品質管理系統(醫療器材不良事件通報專線02-2396-0100；網站：http://qms.fda.gov.tw)。,2025-02-05,https://www.fda.gov.tw/tc/newsContent.aspx?cid=4&id=t623401
34,你知道這些商品是醫療器材嗎？非醫療器材商不得販售！,                        隨著農曆新年的到來，許多民眾會趁此機會大掃除，常常發現有許多用不完或沒用到的商品，但您知道有些商品其實是醫療器材嗎?除了常見的醫用口罩、OK繃、紗布、棉花棒以外，如隱形眼鏡保存盒/保養液、洗/吸鼻器、液體藥物給藥器、月經量杯(月亮杯)、保險套、衛生棉條等也都是醫療器材。食藥署提醒，民眾未領有販賣業醫療器材許可執照，不得於任何通路販賣醫療器材，以免違反醫療器材管理法第13條，處新臺幣3萬元以上100萬元以下罰鍰。    食藥署另提醒民眾，選購醫療器材產品時，應依照「醫材安心三步驟」，「一認」-認識產品為醫療器材；「二看」-購買時要看外包裝有無標示醫療器材許可證或登錄字號；「三會用」-使用前要詳閱說明書，才能正確使用。如需查詢醫療器材許可證或登錄產品相關資料，可至食藥署網站之許可證資料庫查詢（連結：食品藥物管理署網站首頁http://www.fda.gov.tw>醫療器材>資訊查詢>醫療器材許可證資料庫>醫療器材許可證及登錄查詢）；此外，若醫療器材引起之不良反應，請通報衛生福利部建置之全國藥物不良反應通報中心(藥物不良反應通報專線02-2396-0100；網站：http://qms.fda.gov.tw/)。,2025-02-02,https://www.fda.gov.tw/tc/newsContent.aspx?cid=4&id=t623395
35,飲酒需謹慎，小心藥品交互作用,                        農曆春節連假將至，家人熱鬧聚餐歡慶佳節，興奮之餘，常會使用酒精飲品。衛生福利部食品藥物管理署（以下簡稱食藥署）叮嚀，有些藥品與酒精併用會產生交互作用，可能影響藥效或增加副作用發生風險，切勿以酒代替開水吃藥，以保障自身用藥安全。    會與酒精產生交互作用的藥品類別，包含止痛藥(ibuprofen、indomethacin等)、鎮靜安眠藥(alprazolam、diazepam、lorazepam、zolpidem等)、抗生素(metronidazole、co-trimoxazole、cefamandole等)、降血糖藥(glimepiride、glipizide、glyburide等)、心血管用藥(lercanidipine、doxazosin等)等，這些藥品就算不是跟酒精同時使用，也可能因酒精在體內代謝過程長達數小時，因此產生交互作用。建議有在使用這些藥品的民眾，在用藥前詳閱藥品仿單或說明書，確認是否有藥與酒交互作用之風險，如果對於藥品使用有任何疑問，可以諮詢醫師或藥師。    食藥署提醒，正在使用前述類別藥品的民眾，應儘量避免飲酒，也不要因為擔心藥與酒交互作用風險而自行停藥或減藥，謹記按醫囑用藥，以免影響病情，用藥後注意身體反應，若有身體不適情形，應攜帶用藥紀錄單，立即回診就醫。大家一起健康迎新春、過好年。                ,2025-01-28,https://www.fda.gov.tw/tc/newsContent.aspx?cid=4&id=t623393
36,本署針對臺中市林酒店疑似食品中毒事件說明,食品藥物管理署（下稱食藥署）於114年1月25日接獲臺中市食品藥物安全處（下稱食安處）通報轄內林酒店於 114 年 1 月 24 日晚間承攬尾牙活動，發生疑似食品中毒事件，本案截至今日，共計通報14人有疑似症狀，並抽驗食餘及環境等檢體共計8件，刻正由食安處檢驗中。針對業者不符合食品良好衛生規範（GHP）準則部分，已責令業者於1月28日前改善完竣並擇日複查。食藥署將持續與食安處保持密切聯繫共同釐清事件原因並確保食品安全。 食藥署提醒所有餐飲業者，應恪遵 GHP 準則，確保食品製備環境及人員衛生符合規定。同時也呼籲民眾，外出用餐時 ，應盡量選擇信譽及環境良好的餐飲場所，並於用餐前將雙手澈底清潔 ，降低食品中毒風險 ；在家準備料理時，應將雙手洗淨 ，注意生熟食材及刀具要分開使用，避免交叉污染，並且注意保存溫度。如出現疑似食品中毒症狀時，也應及早就醫並保存相關用餐資料，以利後續追蹤調查。 喜蛇迎新年，不忘落實食品中毒預防五要（洗、鮮、分、熱、存）及二不（山泉水與動植物，不採食）原則，美好新年假期，吃得安心又放心。,2025-01-26,https://www.fda.gov.tw/tc/newsContent.aspx?cid=4&id=30923
37,五要二不記得牢 歡慶喜迎蛇年到,                        歲末年終、迎春時節，家家戶戶都少不了美味佳餚來一同歡慶新年，食品藥物管理署(以下稱食藥署)提醒大家，不論是在外宴飲或在家圍爐，都要落實預防食品中毒的五要「洗鮮分熱存，要落實」，二不「山泉與動植，不採食」原則，吃得安心又放心，一起度過美好的新年假期。    調理食品時，要「洗」淨雙手、有傷口要包紮；注意食材新「鮮」度、不過量採買；製備餐點時生熟食要「分」開處理，並要澈底加「熱」到中心溫度70°C以上；另外，不管是在家未食用完的菜餚，或打包外帶的餐點，都要儘速冷藏保「存」在7°C以下，如果是易腐敗的，建議存放於5°C以下，並記得充分復熱後再享用！春節假期出外郊遊踏青時，也要記得不飲用「山泉」水，並且不食用不明的「動植」物，才能開心出門、安心飲食、平安回家。   食藥署已製作預防食品中毒相關宣導品，放置於食藥署網站的「防治食品中毒專區」（http://www.fda.gov.tw/TC/site.aspx?sid=1816），歡迎大家自由下載利用。,2025-01-26,https://www.fda.gov.tw/tc/newsContent.aspx?cid=4&id=t623392
38,年菜復熱要當心，蛇年團圓享安心！,                       健康過好年，從飲食安全開始！食品藥物管理署提醒民眾，新春佳節歡聚大啖年菜時，要注意復熱過程存在的風險，並且遵循「五要二不」原則，做好食材選購、烹調與保存工作。同時也要注意諾羅病毒等食媒性疾病的預防，讓家人吃得安心又健康，迎接充滿幸福與平安的蛇年！認識細菌生長危險溫度帶，年菜復熱小提醒　　細菌生長危險溫度帶（7~60℃）：細菌在這個溫度範圍內會迅速繁殖，菜餚若長時間處於此區間，容易孳生細菌及毒素，大幅增加食品中毒風險。1.復熱溫度：復熱年菜時，確保加熱溫度達70℃以上，可殺滅大部分微生物。2.復熱次數：避免多次復熱，使菜餚反覆處於危險溫度帶。3.適量準備：酌量準備每一餐，用心為家人準備料理的同時，減少食材浪費，也降低食品中毒風險。五要二不，預防食品中毒守門原則1.要洗手：烹調或進食前務必用肥皂澈底洗手，食材也應以流動潔淨水源清洗，降低微生物傳播風險。2.要新鮮：選購新鮮食材，特別是海鮮、肉類等容易被細菌污染的食材，確認來源安全。3.要生熟分開：生熟食材及刀具砧板應分開存放與處理，避免交叉污染。4.要澈底加熱：烹煮食物時應加熱至中心溫度達70℃以上，牡蠣、蛤蠣等貝類開蓋後需持續加熱3-5分鐘再食用，杜絕生食風險。5.要注意保存溫度：烹調後的菜餚，如果沒有立刻食用，應儘快冷藏，放涼後才能冰的觀念落伍囉！6.不飲用山泉水：不要飲用未經處理的水源，防止細菌或病毒感染。7.不採食不明動植物：尤其是不明菇類，避免因誤食而中毒。注意秋冬季節為諾羅病毒高峰期  農曆新年適逢我國冬季，秋冬時節為諾羅病毒的盛行季節，該病毒不僅會透過食物傳染，也會因為人傳人而快速擴散。若食用受污染的食物或未澈底加熱的海鮮，如牡蠣或蛤蠣，可能會引發嚴重的腸胃道症狀。因此，烹煮海鮮時務必延長加熱時間，避免逞一時口腹之慾而忽略諾羅病毒感染風險。  食品藥物管理署官方網站(http://www.fda.gov.tw/TC/site.aspx?sid=1816&r=1633211921)備有詳細的食品中毒知識介紹與豐富的食品中毒防治宣導品，歡迎民眾多加下載利用。                ,2025-01-22,https://www.fda.gov.tw/tc/newsContent.aspx?cid=4&id=t623381
39,預告「化粧品應標示特定香精或香料成分」草案暨修正標示規定第七點草案,"                        衛生福利部(衛福部)於114年1月21日預告訂定「化粧品應標示之特定香精或香料成分」草案及預告修正「化粧品外包裝、容器、標籤或仿單之標示規定」第七點草案，公開評論期自預告次日起計60日，蒐集社會各界意見。    本次草案規範參考國際管理規定及「歐盟消費者安全科學委員會」(Scientific Committee on Consumer Safety, SCCS) 等相關研究，針對α-戊桂皮醛 (Amyl Cinnamal) 等24項香精或香料成分，要求當使用於「使用後沖洗產品」濃度超過0.01%，或「非使用後沖洗產品」濃度超過0.001%時，必須標示實際成分名稱，不得以香精、香料、Flavor、Fragrance、Parfum、Perfume或Aroma等方式標示。為確保規定明確性，衛福部同步修正「化粧品外包裝、容器、標籤或仿單之標示規定」第七點內容，詳情可至本署網站 (http://www.fda.gov.tw) 公告資訊查閱。    食品藥物管理署表示，本規定旨在提升產品透明度，保障消費者知情權與選擇權，使國人能依自身需求選擇適合的產品。草案預定自公告日起1年後生效，正式施行後，若業者未依規定標示，將依化粧品衛生安全管理法第23條，處以新臺幣1萬至100萬元罰鍰，並可按次處罰；情節重大者，最高可處停業或廢止登記事項。",2025-01-21,https://www.fda.gov.tw/tc/newsContent.aspx?cid=4&id=t623380
40,食藥署與地方政府衛生局持續強化市售豬肉抽驗，並公布113年1月至12月檢驗結果,"                    為維護國人食用豬肉產品之衛生安全，食品藥物管理署(下稱食藥署)與地方政府衛生局持續強化後市場進口與國產豬肉產品之抽樣，並依衛生福利部110年5月27日公告修正之「食品中動物用藥殘留量檢驗方法-乙型受體素類多重殘留分析」進行21項乙型受體素(含萊克多巴胺)檢驗，以確保市售豬肉產品符合我國動物用藥殘留標準。自113年1月至12月，於各販售通路、直接供應飲食場所及製造端共計抽驗4,236件(包括國產3,379件、進口857件)，均未檢出萊克多巴胺。食藥署將持續與地方政府衛生局執行市售豬肉產品乙型受體素之抽驗，確保食品安全，讓消費者可以安心選購。",2025-01-16,https://www.fda.gov.tw/tc/newsContent.aspx?cid=4&id=t623369
41,成藥、指示藥分不清?藥師來解答!,                        當您不小心出現輕微傷口時，使用家中常備的藥膏可以緩解疼痛。但您了解手上的藥膏是什麼類型嗎?如果家裡沒有合適的藥膏，該怎麼辦呢?食品藥物管理署(以下簡稱食藥署)向您說明，我國的藥品分級制度及取得藥品的正確方式，助您安全用藥、健康無憂。藥品依據風險和安全性分為三級，目的是確保民眾用藥的安全性：一、處方藥：這類藥品風險較高，需由醫生依據病情開立處方箋，再由藥事人員調劑提供，例如口服抗生素、降血壓藥、糖尿病用藥等。民眾應依照醫囑及藥袋標示服藥，勿自行停藥或調整劑量。二、指示藥：此類藥品無須醫師處方且會標示「醫師藥師藥劑生指示藥品」，民眾可至藥局或聘有藥事人員的藥粧店購買，常見的有解熱鎮痛藥和感冒藥等。民眾應依藥品說明書、醫師或藥事人員指示使用，且若症狀持續三天以上未改善，應儘速就醫。三、成藥：這類藥品的藥理作用較溫和，安全性高，民眾可自行購買。使用前務必閱讀藥品說明書。成藥可分為「甲類成藥」和「乙類成藥」，其中甲類成藥僅限藥局或藥師駐店的藥粧店販售，常見的為胃腸藥、浣腸劑；乙類成藥另可在百貨、雜貨店、餐旅服務商店及網路購買，常見的為清涼劑、外用軟油膏類等。    民眾若想知道自己服用的是哪一種類別的藥品，可從藥品的外盒或藥品說明書(仿單)確認，亦可到食藥署的「西藥、醫療器材許可證相關查詢」，查詢藥品許可證。網路購藥須謹慎    隨著網路購物普及，購買藥品時務必提高警覺。目前，我國僅允許乙類成藥於網路上販售，且外包裝有明顯「乙類成藥」標示。其餘藥品如壯陽藥、減肥藥或國外藥品，若於網路上販售皆屬違法。這類產品未經品質、安全及療效把關，消費者可能買到假藥，甚至因服用後出現嚴重不良反應，無法申請藥害救濟，既花錢又危害健康。此外，該等非法產品可能以買家名義輸入，消費者還可能不小心觸犯藥事法輸入禁藥的相關規定。    食藥署提醒民眾，如有用藥需求，應至醫療院所或藥局諮詢專業藥事人員，透過正規管道取得藥品，避免購買來路不明的網路藥品。正確用藥，才能安心守護健康!                ,2025-01-15,https://www.fda.gov.tw/tc/newsContent.aspx?cid=4&id=t623365
42,114年1月1日起 化粧品禁止使用成分及嬰兒食品標示管理新制,                        為配合國際間化粧品管理趨勢，衛生福利部於113年3月21日公告修正「化粧品禁止使用成分表」，新增全氟/多氟烷基物質等9項禁用成分，將自114年1月1日實施，化粧品業者禁止製造、輸入、供應、販售、贈送、公開陳列或提供消費者試用含該等禁用成分化粧品。違反者，將依化粧品衛生安全管理法第22條處以新臺幣2萬元至500萬元罰鍰，並得按次處罰；情節重大者，最高可處停業或廢止相關登記事項。    此外，嬰兒食品標示管理新制亦將於114年1月1日起實施一、衛生福利部將現行「嬰兒配方食品及供四個月以上嬰兒食用之完整配方食品應加標示事項」、「嬰兒配方奶水應加標示事項」、「嬰兒配方食品及供四個月以上嬰兒食用之完整配方食品不得標示事項」、「特殊營養食品之嬰兒與較大嬰兒配方食品，應以直接印製方式顯著標示辨識標記於容器上，以利消費者辨識」共4項規定，整併為1項「嬰兒與較大嬰兒配方食品應加標示事項」，於112年2月1日公告訂定，並自114年1月1日生效，以利業者同時參照依循。二、嬰兒與較大嬰兒配方食品應加標示事項修正重點，(一)每一百大卡熱量含鐵質未滿一毫克之產品，原標示「三個月以上嬰兒食用時，應注意補充鐵質」，修正為「嬰兒食用時，應注意補充鐵質」。(二)辨識標記母嬰圖未變更，僅辨識標記文字，原「餵母乳的嬰兒最健康」，參考Codex Standard (CXS 72-1981)原文，修正為「母乳是嬰兒最佳的營養來源」。三、嬰兒與較大嬰兒配方食品應加標示部分包括(一)「產品開封前及開封後之保存方法」、(二)「產品之使用方法及用量」、(三)「使用者應遵照醫護人員、營養師之建議決定是否需要食用嬰兒配方食品及食用方法」、(四)「顯著標示辨識標記並印刷於容器或外包裝」、(五)「沖泡或稀釋調配時，應使用經煮沸之溫水及充分消毒之容器」等其他提醒詞句。四、嬰兒與較大嬰兒配方食品不得標示「人乳化」、「母乳化」或優於母乳之等同意義詞句，且不得有嬰兒圖片及使產品變得理想化之圖片及文字等。五、食品藥物管理署(食藥署)提醒，(一)1歲以下之嬰兒與較大嬰兒配方食品，依法需經衛生福利部食品藥物管理署查驗登記審查核准，可於「食品藥物消費者專區」（連結途徑：http://consumer.fda.gov.tw/首頁>整合查詢服務>食品>核可資料查詢>嬰兒與較大嬰兒配方食品許可資料查詢），搜尋相關資料。(二)對於必須以母乳替代品哺育寶寶的家長們，可諮詢醫師、營養師或醫護人員等專業人員之意見，就嬰兒自身狀況來選擇合適的嬰兒與較大嬰兒配方食品。   最後，食藥署呼籲，化粧品及食品業者應恪守法規，積極配合新制推行，全面檢視產品成分及標示，確保符合相關規定。同時，食藥署將持續透過規範修訂，與業界共同打造更安全、更透明的化粧品及食品環境，守護消費者健康，促進國人生活品質提升。,2024-12-25,https://www.fda.gov.tw/tc/newsContent.aspx?cid=4&id=t623318
43,「疹、破、痛、紅、腫、燒」—認識藥品過敏的前兆,                        如果你認為藥品過敏只會打個噴嚏、起個小疹，那可能得多加留意了。藥品過敏反應，可能是輕微的皮疹或是危及生命的過敏。症狀可能在服藥幾天內發生，有時則在二至三個月才出現。任何人都可能發生藥品過敏，因此，記住如果服藥後身體開始出現「疹、破、痛、紅、腫、燒」的症狀，應立即回診並告知用藥史，將幫助及早發現藥品過敏，避免嚴重不良反應發生。    藥品過敏的六大前兆為：皮膚出現紅「疹」、口腔出現潰「破」、喉嚨感到疼「痛」、眼睛變「紅」腫、嘴唇「腫」脹、身體出現發「燒」。提醒民眾，如果在用藥後發現這些症狀，尤其是口腔、喉嚨、眼睛等黏膜部位出現異常，這些可能是過敏反應的前兆。除皮膚的反應外，如果出現心悸、呼吸困難、不明原因的明顯疲倦、噁心、黃疸、或茶色尿也可能是藥品過敏症狀，都是需要立刻就醫的訊號。    食藥署統計1999年至2024年11月的藥害救濟給付案例，常見可疑藥品類別包括抗癲癇藥（Carbamazepine、Phenytoin、Lamotrigine）、抗痛風藥（Allopurinol）、非類固醇類消炎止痛藥（Diclofenac、Ibuprofen、Mefenamic acid）及抗生素(Rifampin/Isoniazid/Pyrazinamide、Co-trimoxazole及Sulfasalazine)。目前國內針對Carbamazepine及Allopurinol的病人，健保分別有給付終身一次HLA-B*1502及HLA-B*5801基因篩檢，民眾可諮詢醫師評估是否需要進行基因檢測，以降低藥品過敏發生風險。     食藥署提醒，民眾用藥期間可以保留處方紀錄，如果出現不適症狀，應儘速就醫並提供處方紀錄等資訊給醫療人員參考；如果曾有藥品過敏史，可請醫療人員協助將其記錄在過敏紀錄卡，就醫時主動出示，避免重複使用到過敏藥品。利用藥物過敏早期症狀自我檢視表亦可避免延誤治療時機，造成不可挽回的傷害。民眾如果有用藥問題可洽鄰近醫療機構或社區藥局的醫師或藥師，藥物過敏紀錄卡及藥物過敏早期症狀自我檢視表可以至藥害救濟基金會網頁下載 (http://www.tdrf.org.tw)。若民眾因正當使用合法藥品，造成嚴重藥品不良反應，導致住院、殘障或死亡等情況，可撥打藥害救濟諮詢專線(02)2358-4097，向藥害救濟基金會詢問申請事宜。                ,2024-12-18,https://www.fda.gov.tw/tc/newsContent.aspx?cid=4&id=t623300
44,預告修正農藥殘留容許量標準 加強食品殘留農藥管理,                        衛生福利部於本(13)日預告修正「農藥殘留容許量標準」，修正內容為增修訂阿納寧等32種農藥於100項農作物之殘留容許量、刪除二‧四地等2種農藥6項殘留容許量，以及增列「普硫松」為公告禁用農藥。前述增修訂殘留容許量，包含進口容許量7種農藥20項農作物之殘留容許量；國內登記案10種農藥62項農作物之殘留容許量；配合檢驗方法修正16種農藥18項農作物之殘留容許量。本草案預告評論期60日，以蒐集各界意見。    我國對於農藥之核准登記及修訂殘留容許量，分別由農業部及衛生福利部依權責辦理。農藥殘留容許量之增修訂依據來源為二，一為配合國內前端農業部核准國內農藥使用需求及範圍等規定；二為因應國際貿易需求，由出口國政府或農藥業者向衛生福利部食品藥物管理署(下稱食藥署)提出。針對進口農產品，因其農作物生長環境、病蟲害防治及用藥方法與國內情形不同，為國民飲食需求，係由食藥署參酌先進國家作法，受理增修訂進口農產品殘留農藥容許量之案件。另，農藥殘留容許量之修正，經審核農藥之毒性資料、農作物殘留量消退試驗資料、核准登記使用方法等科學性資料，參酌國際間標準，評估國人對各類農作物取食總量之累積風險，並會商農業部，經專家委員審核通過，期在保護國內消費者飲食安全之前提下，讓農藥之使用及管理更加合理化。    食藥署持續監測市售農產品之農藥殘留，如發現有違反農藥殘留容許量標準之規定者，依違反食品安全衛生管理法第15條第1項第5款規定，依同法第44條第1項第2款處新臺幣6萬元以上2億元以下罰鍰，並由地方政府衛生局聯合農業機關追查供應來源及殘留原因，依法處辦，讓民眾食的安心。                ,2024-12-13,https://www.fda.gov.tw/tc/newsContent.aspx?cid=4&id=t623288
45,迎向美好新「聲」-人工電子耳,                    能夠聽見聲音對我們的一生極其重要，隨著科技發展，民眾長期戴耳機有機會導致聽力損害，老年聽損未改善者可能增加腦部退化的風險，而新生兒如具有先天性聽損則會嚴重影響語言學習及腦部發展。不同生理部位的損害對聽力的影響也不一樣，有些病患可以透過簡易的治療恢復，有些須利用助聽器放大聲音，有些則需要透過電子耳來改善聽力。耳朵所聽見的聲音，是由聲波經過中耳鼓膜震動後傳遞到內耳的耳蝸，使之產生電訊號，再藉由聽神經傳到腦部形成聽覺。當耳蝸受損無法傳導電訊號時，置放人工電子耳是現今發展成熟的解決方案。人工電子耳的組成有內/外兩大部分，內部分是接受器與聽神經傳遞電極；外部分是線圈與聲音處理器。其作用是藉由外部懸掛在耳後聲音處理器的麥克風接收聲波，經線圈傳送訊號至埋於內耳的接收器，由電極直接向聽覺神經傳遞訊號，繞過內耳喪失功能的部份以建立聽覺。對於使用助聽器無法有效改善聽力的重度至極重度聽損者，可以評估是否適用人工電子耳。然而，並非所有聽損者都適合安裝人工電子耳，若是聽神經缺損/萎縮或中樞聽覺認知系統受損之患者即不適用。食藥署提醒，在接受植入手術前務必與耳鼻喉科醫師充分溝通並接受專業醫療團隊的評估，依照您的病情、職業、生活習慣等，選擇適合的人工電子耳。此外，病患及家屬應充分了解其功能與限制，並積極配合術後聽力復健，才能有效改善聽力。人工電子耳屬於第三等級醫療器材，食品藥物管理署對其上市前審查均嚴謹把關始核予許可證。如需查詢醫療器材許可證產品相關資料，可至食品藥物管理署網站之許可證資料庫查詢  ( http://www.fda.gov.tw>醫療器材>資訊查詢>醫療器材許可證資料庫>西藥、醫療器材、化粧品許可證相關查詢)；如有發現醫療器材不良品或使用醫療器材引起之不良反應，請至藥品醫療器材食品化粧品上市後品質管理系統(http://qms.fda.gov.tw)或撥打不良反應通報專線: 02-2396-0100通報。                ,2024-12-11,https://www.fda.gov.tw/tc/newsContent.aspx?cid=4&id=t623277
46,食品消費紅綠燈，民眾採買要留意,"                    聖誕佳節，緊接著跨年假期，食品藥物管理署（下稱食藥署）提醒，除了蒐集必買必吃的美食資訊外，也可查詢「食品消費紅綠燈」，了解國外回收的產品資訊。食藥署說明，為把關輸入食品的安全，每日會從美、加、紐、澳、日、韓等13個國家(地區)，共計14個網站中蒐集各國食品回收警訊，以及接收歐盟食品和飼料快速預警(RASFF)警訊，主動調查釐清相關產品是否有輸至我國，並發布「消費紅綠燈」資訊(網址：http://consumer.fda.gov.tw/Light/List.aspx?nodeID=30&rand=1180274102)，提供消費者參考。自109年1月1日起至113年11月30日止，食藥署已監控6,070則國際食品回收警訊，包括綠燈6,011則、黃燈57則以及紅燈2則，提供國人在選購外國食品之參考，不同燈號分別表示下列意義：1.綠燈：產品未進入我國市場，或危害人體健康的可能性極微。2.黃燈：產品有輸入並進入我國市場流通，對人體無立即性危害或有危害疑慮，須進一步調查並改善。3.紅燈：該產品已在國內市場流通，且對人體有立即或重大危害。最後，食藥署提醒，於國外採購回國的食品，除有限量規定外，攜帶回國的食品也僅能供個人自行食用，不得在國內販售，違規者，可依食品安全衛生管理法第47條14款處新臺幣3-300萬元罰鍰。1.錠狀、膠囊狀食品供個人自用，每種至多12瓶(盒、罐、包、袋)，合計不超過36瓶(盒、罐、包、袋，以原包裝為限)。2.一般食品供個人自用時，價值需在1,000美元以下，且總重量在6公斤以內。",2024-12-04,https://www.fda.gov.tw/tc/newsContent.aspx?cid=4&id=t623267
47,115年起將全面管制巧克力重金屬之鎘限量,                    　　衛生福利部(以下簡稱衛福部)今(28)日發布修正食品中污染物質及毒素衛生標準，針對巧克力及可可粉提出重金屬鎘之限量規定，自115年1月1日起，凡於市面流通販售之巧克力及可可粉，均應符合鎘之限量標準；違者將依違反食品安全衛生管理法第17條規定，依同法第48條限期改正，產品應依第52條沒入銷毀，否則將處新台幣三萬元以上三百萬元以下罰鍰。　　本次標準所管制之巧克力，係指以可可膏、可可脂或可可粉等可可製品為原料，經調配後，不含內餡之固體型態產品；「可可粉」，係指可可膏經壓榨分離去除可可脂後取得之粉末，或可可豆仁經烘焙後碾碎之碎粉。其他含有巧克力之複合性產品(如:堅果巧克力、巧克力麵包、巧克力餅乾、巧克力蛋糕、巧克力抹醬等)，或添加其他食品原料(例如奶粉、糖)之沖調可可粉飲品，皆應依源頭管理之原則，確認所使用之巧克力及可可粉原料符合有關標準後，才能作為加工用途。　　由於可可豆累積重金屬鎘之風險較其他重金屬高，故我國與Codex及其他先進國家相同，皆優先針對鎘提出管制標準；我國仍將持續蒐集國內外相關研究及監測資料，視需求滾動評估增修訂相關標準。　　本案於預告評論期間接獲各界意見，因綜合考量巧克力原料進口後之流通供應鏈、調整品管要求及已合法流通產品之產銷期程，以及權衡維護食品安全之公眾利益急迫性，故酌予調整緩衝期，本標準實施日期將自115年1月1日起實施，屆時凡於市面流通販售之產品，皆應符合新訂標準，非以產品之製造日期認定，提醒各相關產業界仍應及早因應。                ,2024-11-28,https://www.fda.gov.tw/tc/newsContent.aspx?cid=4&id=t623256
48,眼睛霧霧看不清？認識人工水晶體,                        視野白茫茫怎麼眨眼也看不清？小心有可能眼睛水晶體出了問題！水晶體是眼球內的雙凸透鏡扁球體結構，功能為調節眼部的屈光能力。當原本清澈透光的水晶體變得混濁，導致視力模糊，即稱為白內障。隨著科技發展，民眾使用3C產品的時間大幅增加，白內障患者逐漸年輕化，治療白內障的人工水晶體置換手術已成為現今發展成熟且常見的眼科手術之一。    人工水晶體屬第三等級植入式醫療器材，適應症主要為「用於晶體摘除術或超音波晶體乳化術後取代摘除之晶體以矯正視力」，多用於無晶體(如白內障)之患者。透過置換人工水晶體讓光線能清楚聚焦在視網膜，達到改善視覺的效果。此器材一般由合成樹脂（PMMA）、矽質(Silicone)或壓克力(Acrylic)等材質組成。須經衛生福利部食品藥物管理署(下稱食藥署)審查確認其安全及效能後才可以上市。人工水晶體依據其設計可具備不同的功能，例如單焦點人工水晶體可提供一般日常生活所需視力，多焦點人工水晶體可提升白內障患者術後遠、中、近距離視力，而使用淡黃色材質的人工水晶體有濾藍光的效果，進而減少視網膜的負擔。    食藥署提醒，在接受人工水晶體置換手術前務必與眼科醫師充分溝通，依照需求選擇適合的人工水晶體，並遵守醫院提供之手術前、後注意事項。有關醫療器材相關資訊，除可向醫師詢問外，亦可至食品藥物管理署網站之許可證資料庫查詢產品之相關資訊 (連結 :食品藥物管理署首頁http://www.fda.gov.tw>醫療器材>資訊查詢>醫療器材許可證資料庫>西藥、醫療器材許可證相關查詢)。如有發現醫療器材不良品或使用後發生之不良反應，請至藥品醫療器材食品化粧品上市後品質管理系統(http://qms.fda.gov.tw)通報，或撥打不良反應通報專線: 02-2396-0100進行通報。                ,2024-11-27,https://www.fda.gov.tw/tc/newsContent.aspx?cid=4&id=t623252
49,食藥署舉辦「113年度餐飲業建立食品安全管制系統表揚暨研討會」,                      衛生福利部食品藥物管理署（下稱食藥署）於今日（11月21日）舉辦「113年度餐飲業建立食品安全管制系統表揚暨研討會」，本次擇優表揚於111年11月至113年6月期間，首次通過自願性「餐飲業食品安全管制系統（HACCP）衛生評鑑」之業者，共計16家；以及經中央及地方衛生局稽查之餐盒食品工廠、國際觀光旅館、五星級旅館及供應鐵路旅客餐盒等經公告應實施HACCP之業者，共計55家(如附件)。對於符合HACCP的業者，食藥署給予高度肯定，這些業者在製程中導入預防性食品安全管理概念，主動辨識危害及降低風險，確保每一階段的衛生安全。食藥署對這些業者的努力表達嘉勉，期許他們繼續維護民眾飲食安全。  為推動餐飲業建立HACCP，除公告強制業別應實施HACCP外，食藥署積極推動餐飲業參與自願性餐飲業HACCP衛生評鑑制度，對於通過評鑑者發予HACCP衛生評鑑證明書，並透過表揚機制提升業者榮譽感與責任心。本次活動邀請業者及專家代表，分享食品安全自主管理的寶貴經驗。   民眾可至食藥署網站首頁/食品藥物消費者專區/整合查詢服務/食品/HACCP查詢餐飲業通過HACCP評核之業者名單。食藥署呼籲，餐飲業者積極導入HACCP制度，注重從業人員的衛生知能訓練，強化員工在每日作業中的「說、寫、做一致」習慣，以保障產品的安全和品質。期盼餐飲業透過導入HACCP制度，能為消費者提供更安心的飲食環境，提升民眾對餐飲業者的信任。                ,2024-11-21,https://www.fda.gov.tw/tc/newsContent.aspx?cid=4&id=t623244
